ISBN,Title,Author,Price,Stock,Category,Description
9781778313174,"Sample Book Title 1","Author Name 14",44.32,62,3,"This is a comprehensive description for sample book 1."
9783517750629,"Sample Book Title 2","Author Name 10",20.79,99,5,"This is a comprehensive description for sample book 2."
9780645652687,"Sample Book Title 3","Author Name 40",14.24,34,5,"This is a comprehensive description for sample book 3."
9786011578252,"Sample Book Title 4","Author Name 40",20.01,13,4,"This is a comprehensive description for sample book 4."
9785207110467,"Sample Book Title 5","Author Name 23",24.91,84,3,"This is a comprehensive description for sample book 5."
9781606099123,"Sample Book Title 6","Author Name 37",46.81,92,3,"This is a comprehensive description for sample book 6."
9786437095529,"Sample Book Title 7","Author Name 44",15.48,33,1,"This is a comprehensive description for sample book 7."
9787728250843,"Sample Book Title 8","Author Name 25",24.48,75,5,"This is a comprehensive description for sample book 8."
9788250452756,"Sample Book Title 9","Author Name 42",33.92,35,3,"This is a comprehensive description for sample book 9."
9782601313463,"Sample Book Title 10","Author Name 9",22.03,69,5,"This is a comprehensive description for sample book 10."
9784576812899,"Sample Book Title 11","Author Name 10",34.30,33,5,"This is a comprehensive description for sample book 11."
9789707289114,"Sample Book Title 12","Author Name 15",35.12,8,1,"This is a comprehensive description for sample book 12."
9787152931034,"Sample Book Title 13","Author Name 47",34.00,50,4,"This is a comprehensive description for sample book 13."
9783407496813,"Sample Book Title 14","Author Name 28",35.21,48,1,"This is a comprehensive description for sample book 14."
9780107451317,"Sample Book Title 15","Author Name 41",19.66,80,1,"This is a comprehensive description for sample book 15."
9783448253355,"Sample Book Title 16","Author Name 18",39.80,39,3,"This is a comprehensive description for sample book 16."
9781412386734,"Sample Book Title 17","Author Name 46",30.26,88,5,"This is a comprehensive description for sample book 17."
9787471822031,"Sample Book Title 18","Author Name 36",30.15,49,3,"This is a comprehensive description for sample book 18."
9788255561428,"Sample Book Title 19","Author Name 33",32.98,51,2,"This is a comprehensive description for sample book 19."
9781449687331,"Sample Book Title 20","Author Name 7",21.90,74,3,"This is a comprehensive description for sample book 20."
9780332752445,"Sample Book Title 21","Author Name 27",25.32,100,1,"This is a comprehensive description for sample book 21."
9786162282683,"Sample Book Title 22","Author Name 49",39.99,4,5,"This is a comprehensive description for sample book 22."
9781223721847,"Sample Book Title 23","Author Name 3",46.21,28,4,"This is a comprehensive description for sample book 23."
9780539046840,"Sample Book Title 24","Author Name 19",8.00,85,5,"This is a comprehensive description for sample book 24."
9786978783376,"Sample Book Title 25","Author Name 34",43.95,26,2,"This is a comprehensive description for sample book 25."
9784765526914,"Sample Book Title 26","Author Name 44",15.79,8,2,"This is a comprehensive description for sample book 26."
9787448493361,"Sample Book Title 27","Author Name 38",9.02,65,1,"This is a comprehensive description for sample book 27."
9786457017761,"Sample Book Title 28","Author Name 42",20.21,18,2,"This is a comprehensive description for sample book 28."
9782495056974,"Sample Book Title 29","Author Name 32",17.72,78,2,"This is a comprehensive description for sample book 29."
9787100890933,"Sample Book Title 30","Author Name 11",39.15,14,4,"This is a comprehensive description for sample book 30."
9785160237117,"Sample Book Title 31","Author Name 14",32.51,7,4,"This is a comprehensive description for sample book 31."
9789554653144,"Sample Book Title 32","Author Name 33",43.09,33,4,"This is a comprehensive description for sample book 32."
9786564333383,"Sample Book Title 33","Author Name 20",30.43,20,1,"This is a comprehensive description for sample book 33."
9788525323068,"Sample Book Title 34","Author Name 15",21.50,26,5,"This is a comprehensive description for sample book 34."
9780757313117,"Sample Book Title 35","Author Name 34",28.70,82,2,"This is a comprehensive description for sample book 35."
9787887291900,"Sample Book Title 36","Author Name 12",46.58,83,5,"This is a comprehensive description for sample book 36."
9786586128026,"Sample Book Title 37","Author Name 19",34.04,6,4,"This is a comprehensive description for sample book 37."
9785734890913,"Sample Book Title 38","Author Name 6",36.29,57,1,"This is a comprehensive description for sample book 38."
9782085297637,"Sample Book Title 39","Author Name 40",25.37,1,1,"This is a comprehensive description for sample book 39."
9787721146568,"Sample Book Title 40","Author Name 17",8.31,92,1,"This is a comprehensive description for sample book 40."
9782372605011,"Sample Book Title 41","Author Name 34",11.68,17,3,"This is a comprehensive description for sample book 41."
9781399751529,"Sample Book Title 42","Author Name 19",9.27,47,2,"This is a comprehensive description for sample book 42."
9784981774623,"Sample Book Title 43","Author Name 24",16.70,8,5,"This is a comprehensive description for sample book 43."
9786794515924,"Sample Book Title 44","Author Name 15",19.63,97,1,"This is a comprehensive description for sample book 44."
9787259271108,"Sample Book Title 45","Author Name 28",12.34,55,4,"This is a comprehensive description for sample book 45."
9783632648708,"Sample Book Title 46","Author Name 6",43.76,23,3,"This is a comprehensive description for sample book 46."
9784550868976,"Sample Book Title 47","Author Name 36",39.33,66,2,"This is a comprehensive description for sample book 47."
9783787156818,"Sample Book Title 48","Author Name 43",39.66,53,1,"This is a comprehensive description for sample book 48."
9788961739394,"Sample Book Title 49","Author Name 15",18.88,36,4,"This is a comprehensive description for sample book 49."
9780359773117,"Sample Book Title 50","Author Name 26",7.68,73,5,"This is a comprehensive description for sample book 50."
9788352708943,"Sample Book Title 51","Author Name 31",18.75,57,5,"This is a comprehensive description for sample book 51."
9786815768415,"Sample Book Title 52","Author Name 48",29.48,45,3,"This is a comprehensive description for sample book 52."
9782313684647,"Sample Book Title 53","Author Name 28",27.52,61,1,"This is a comprehensive description for sample book 53."
9780858274146,"Sample Book Title 54","Author Name 25",11.12,8,3,"This is a comprehensive description for sample book 54."
9783898780069,"Sample Book Title 55","Author Name 50",22.96,32,2,"This is a comprehensive description for sample book 55."
9787825099051,"Sample Book Title 56","Author Name 11",45.49,99,2,"This is a comprehensive description for sample book 56."
9787718435905,"Sample Book Title 57","Author Name 36",26.63,64,3,"This is a comprehensive description for sample book 57."
9788334665243,"Sample Book Title 58","Author Name 1",27.39,82,3,"This is a comprehensive description for sample book 58."
9781400627375,"Sample Book Title 59","Author Name 19",29.69,86,3,"This is a comprehensive description for sample book 59."
9780139550274,"Sample Book Title 60","Author Name 9",42.16,96,5,"This is a comprehensive description for sample book 60."
9781704100320,"Sample Book Title 61","Author Name 25",15.95,59,2,"This is a comprehensive description for sample book 61."
9782558731220,"Sample Book Title 62","Author Name 38",18.23,51,1,"This is a comprehensive description for sample book 62."
9789369750553,"Sample Book Title 63","Author Name 11",22.24,24,5,"This is a comprehensive description for sample book 63."
9784748776920,"Sample Book Title 64","Author Name 29",25.98,100,5,"This is a comprehensive description for sample book 64."
9781632733509,"Sample Book Title 65","Author Name 13",19.11,100,1,"This is a comprehensive description for sample book 65."
9781642420443,"Sample Book Title 66","Author Name 39",15.94,9,1,"This is a comprehensive description for sample book 66."
9787418597250,"Sample Book Title 67","Author Name 3",30.72,77,4,"This is a comprehensive description for sample book 67."
9780015569514,"Sample Book Title 68","Author Name 26",25.54,14,1,"This is a comprehensive description for sample book 68."
9782035543234,"Sample Book Title 69","Author Name 9",12.26,46,2,"This is a comprehensive description for sample book 69."
9781209065853,"Sample Book Title 70","Author Name 20",19.60,70,2,"This is a comprehensive description for sample book 70."
9784124116135,"Sample Book Title 71","Author Name 34",49.37,32,4,"This is a comprehensive description for sample book 71."
9782946178571,"Sample Book Title 72","Author Name 45",39.97,79,4,"This is a comprehensive description for sample book 72."
9781970329531,"Sample Book Title 73","Author Name 42",18.82,9,2,"This is a comprehensive description for sample book 73."
9788262397896,"Sample Book Title 74","Author Name 46",41.10,50,5,"This is a comprehensive description for sample book 74."
9782516912268,"Sample Book Title 75","Author Name 5",38.26,19,2,"This is a comprehensive description for sample book 75."
9781684777735,"Sample Book Title 76","Author Name 36",15.09,52,4,"This is a comprehensive description for sample book 76."
9785203659886,"Sample Book Title 77","Author Name 24",32.36,67,3,"This is a comprehensive description for sample book 77."
9783086071705,"Sample Book Title 78","Author Name 5",49.12,14,2,"This is a comprehensive description for sample book 78."
9788510125855,"Sample Book Title 79","Author Name 35",29.35,3,5,"This is a comprehensive description for sample book 79."
9788481805052,"Sample Book Title 80","Author Name 45",32.37,85,1,"This is a comprehensive description for sample book 80."
9787566397737,"Sample Book Title 81","Author Name 11",35.31,100,1,"This is a comprehensive description for sample book 81."
9784013479709,"Sample Book Title 82","Author Name 26",5.59,19,3,"This is a comprehensive description for sample book 82."
9782358697918,"Sample Book Title 83","Author Name 23",38.85,79,1,"This is a comprehensive description for sample book 83."
9787061659071,"Sample Book Title 84","Author Name 23",17.25,88,2,"This is a comprehensive description for sample book 84."
9788571386638,"Sample Book Title 85","Author Name 48",23.90,42,1,"This is a comprehensive description for sample book 85."
9787101526356,"Sample Book Title 86","Author Name 22",7.47,22,3,"This is a comprehensive description for sample book 86."
9785503458346,"Sample Book Title 87","Author Name 21",39.66,27,1,"This is a comprehensive description for sample book 87."
9788327192559,"Sample Book Title 88","Author Name 36",25.79,74,2,"This is a comprehensive description for sample book 88."
9788346160818,"Sample Book Title 89","Author Name 10",30.75,34,3,"This is a comprehensive description for sample book 89."
9786608403377,"Sample Book Title 90","Author Name 30",42.11,23,5,"This is a comprehensive description for sample book 90."
9783764739895,"Sample Book Title 91","Author Name 8",7.22,25,5,"This is a comprehensive description for sample book 91."
9787642368309,"Sample Book Title 92","Author Name 32",19.89,68,5,"This is a comprehensive description for sample book 92."
9785094681351,"Sample Book Title 93","Author Name 36",22.93,20,4,"This is a comprehensive description for sample book 93."
9783484653402,"Sample Book Title 94","Author Name 11",42.45,54,4,"This is a comprehensive description for sample book 94."
9780817786961,"Sample Book Title 95","Author Name 36",40.36,37,4,"This is a comprehensive description for sample book 95."
9789880309260,"Sample Book Title 96","Author Name 40",6.62,76,5,"This is a comprehensive description for sample book 96."
9785105922349,"Sample Book Title 97","Author Name 48",30.67,83,5,"This is a comprehensive description for sample book 97."
9789001529565,"Sample Book Title 98","Author Name 17",16.04,64,5,"This is a comprehensive description for sample book 98."
9783611568537,"Sample Book Title 99","Author Name 27",41.59,33,4,"This is a comprehensive description for sample book 99."
9780484228826,"Sample Book Title 100","Author Name 18",14.55,10,2,"This is a comprehensive description for sample book 100."
9781183977228,"Sample Book Title 101","Author Name 34",14.72,72,3,"This is a comprehensive description for sample book 101."
9783549292024,"Sample Book Title 102","Author Name 24",31.06,24,5,"This is a comprehensive description for sample book 102."
9780945746661,"Sample Book Title 103","Author Name 31",9.13,61,3,"This is a comprehensive description for sample book 103."
9789726309905,"Sample Book Title 104","Author Name 14",13.19,59,2,"This is a comprehensive description for sample book 104."
9780432336993,"Sample Book Title 105","Author Name 8",36.99,9,5,"This is a comprehensive description for sample book 105."
9781266194977,"Sample Book Title 106","Author Name 27",12.18,27,2,"This is a comprehensive description for sample book 106."
9786808143592,"Sample Book Title 107","Author Name 19",17.21,14,2,"This is a comprehensive description for sample book 107."
9789196507945,"Sample Book Title 108","Author Name 16",35.13,48,4,"This is a comprehensive description for sample book 108."
9781322737749,"Sample Book Title 109","Author Name 28",7.80,96,2,"This is a comprehensive description for sample book 109."
9789550271165,"Sample Book Title 110","Author Name 25",21.61,43,2,"This is a comprehensive description for sample book 110."
9789891391858,"Sample Book Title 111","Author Name 47",35.18,31,2,"This is a comprehensive description for sample book 111."
9784023482579,"Sample Book Title 112","Author Name 19",8.30,96,5,"This is a comprehensive description for sample book 112."
9781579185092,"Sample Book Title 113","Author Name 33",16.43,99,4,"This is a comprehensive description for sample book 113."
9789942939769,"Sample Book Title 114","Author Name 10",15.60,25,3,"This is a comprehensive description for sample book 114."
9789980744967,"Sample Book Title 115","Author Name 23",25.41,0,4,"This is a comprehensive description for sample book 115."
9785809861930,"Sample Book Title 116","Author Name 14",32.57,11,1,"This is a comprehensive description for sample book 116."
9783581119909,"Sample Book Title 117","Author Name 18",33.39,66,4,"This is a comprehensive description for sample book 117."
9788695186169,"Sample Book Title 118","Author Name 39",44.56,89,5,"This is a comprehensive description for sample book 118."
9787550496094,"Sample Book Title 119","Author Name 22",36.38,93,4,"This is a comprehensive description for sample book 119."
9782525437145,"Sample Book Title 120","Author Name 10",8.89,7,1,"This is a comprehensive description for sample book 120."
9782177696262,"Sample Book Title 121","Author Name 20",46.57,12,3,"This is a comprehensive description for sample book 121."
9787370856876,"Sample Book Title 122","Author Name 26",18.59,64,3,"This is a comprehensive description for sample book 122."
9785730199692,"Sample Book Title 123","Author Name 47",41.54,41,2,"This is a comprehensive description for sample book 123."
9787479737334,"Sample Book Title 124","Author Name 41",42.39,26,1,"This is a comprehensive description for sample book 124."
9787932338260,"Sample Book Title 125","Author Name 5",11.42,75,3,"This is a comprehensive description for sample book 125."
9786809564053,"Sample Book Title 126","Author Name 21",10.16,25,2,"This is a comprehensive description for sample book 126."
9780802711773,"Sample Book Title 127","Author Name 18",20.79,53,4,"This is a comprehensive description for sample book 127."
9789305837409,"Sample Book Title 128","Author Name 20",8.77,25,3,"This is a comprehensive description for sample book 128."
9788513129679,"Sample Book Title 129","Author Name 10",37.96,61,5,"This is a comprehensive description for sample book 129."
9780188059331,"Sample Book Title 130","Author Name 22",19.10,51,4,"This is a comprehensive description for sample book 130."
9786571522523,"Sample Book Title 131","Author Name 18",36.83,90,4,"This is a comprehensive description for sample book 131."
9788598326707,"Sample Book Title 132","Author Name 19",24.53,38,1,"This is a comprehensive description for sample book 132."
9780047170623,"Sample Book Title 133","Author Name 14",33.04,18,4,"This is a comprehensive description for sample book 133."
9782198713668,"Sample Book Title 134","Author Name 46",11.84,89,3,"This is a comprehensive description for sample book 134."
9782959657430,"Sample Book Title 135","Author Name 46",46.95,37,3,"This is a comprehensive description for sample book 135."
9787083423968,"Sample Book Title 136","Author Name 15",6.62,7,5,"This is a comprehensive description for sample book 136."
9780174227114,"Sample Book Title 137","Author Name 39",30.37,70,3,"This is a comprehensive description for sample book 137."
9783831231264,"Sample Book Title 138","Author Name 27",19.94,3,1,"This is a comprehensive description for sample book 138."
9786918839205,"Sample Book Title 139","Author Name 48",40.58,16,3,"This is a comprehensive description for sample book 139."
9785463007859,"Sample Book Title 140","Author Name 34",26.45,7,5,"This is a comprehensive description for sample book 140."
9783565058641,"Sample Book Title 141","Author Name 19",8.74,99,3,"This is a comprehensive description for sample book 141."
9786887039959,"Sample Book Title 142","Author Name 36",14.97,1,2,"This is a comprehensive description for sample book 142."
9783200342556,"Sample Book Title 143","Author Name 42",5.96,94,3,"This is a comprehensive description for sample book 143."
9788171785155,"Sample Book Title 144","Author Name 31",38.25,93,5,"This is a comprehensive description for sample book 144."
9787973811659,"Sample Book Title 145","Author Name 32",11.54,64,1,"This is a comprehensive description for sample book 145."
9788534409102,"Sample Book Title 146","Author Name 9",20.57,42,5,"This is a comprehensive description for sample book 146."
9780536272345,"Sample Book Title 147","Author Name 39",34.34,61,5,"This is a comprehensive description for sample book 147."
9789318515737,"Sample Book Title 148","Author Name 4",39.15,11,3,"This is a comprehensive description for sample book 148."
9781286670144,"Sample Book Title 149","Author Name 44",27.05,69,5,"This is a comprehensive description for sample book 149."
9780371664860,"Sample Book Title 150","Author Name 50",37.54,53,1,"This is a comprehensive description for sample book 150."
9782453519485,"Sample Book Title 151","Author Name 8",14.34,3,4,"This is a comprehensive description for sample book 151."
9783179804720,"Sample Book Title 152","Author Name 32",27.90,38,3,"This is a comprehensive description for sample book 152."
9785425374960,"Sample Book Title 153","Author Name 10",26.94,79,1,"This is a comprehensive description for sample book 153."
9784127531874,"Sample Book Title 154","Author Name 3",8.50,5,2,"This is a comprehensive description for sample book 154."
9787222793523,"Sample Book Title 155","Author Name 23",33.16,69,4,"This is a comprehensive description for sample book 155."
9789481310419,"Sample Book Title 156","Author Name 24",28.13,45,2,"This is a comprehensive description for sample book 156."
9787465652330,"Sample Book Title 157","Author Name 31",46.96,14,5,"This is a comprehensive description for sample book 157."
9788326959599,"Sample Book Title 158","Author Name 14",39.78,71,1,"This is a comprehensive description for sample book 158."
9782281941454,"Sample Book Title 159","Author Name 38",12.70,30,5,"This is a comprehensive description for sample book 159."
9781836120773,"Sample Book Title 160","Author Name 20",19.87,60,2,"This is a comprehensive description for sample book 160."
9788066484038,"Sample Book Title 161","Author Name 2",28.99,35,1,"This is a comprehensive description for sample book 161."
9785522249348,"Sample Book Title 162","Author Name 42",23.61,46,1,"This is a comprehensive description for sample book 162."
9783468015813,"Sample Book Title 163","Author Name 20",9.90,93,5,"This is a comprehensive description for sample book 163."
9789826022326,"Sample Book Title 164","Author Name 24",16.97,97,5,"This is a comprehensive description for sample book 164."
9780140827468,"Sample Book Title 165","Author Name 25",19.71,8,5,"This is a comprehensive description for sample book 165."
9785287739930,"Sample Book Title 166","Author Name 9",32.74,99,3,"This is a comprehensive description for sample book 166."
9780901129148,"Sample Book Title 167","Author Name 49",41.28,67,2,"This is a comprehensive description for sample book 167."
9789434678634,"Sample Book Title 168","Author Name 46",39.84,6,2,"This is a comprehensive description for sample book 168."
9780786349204,"Sample Book Title 169","Author Name 1",25.01,57,3,"This is a comprehensive description for sample book 169."
9784953269198,"Sample Book Title 170","Author Name 4",12.21,10,1,"This is a comprehensive description for sample book 170."
9785975496468,"Sample Book Title 171","Author Name 9",36.96,65,1,"This is a comprehensive description for sample book 171."
9787891257089,"Sample Book Title 172","Author Name 1",35.63,43,2,"This is a comprehensive description for sample book 172."
9786870349065,"Sample Book Title 173","Author Name 10",31.66,97,3,"This is a comprehensive description for sample book 173."
9780509421477,"Sample Book Title 174","Author Name 21",6.06,26,1,"This is a comprehensive description for sample book 174."
9788148110238,"Sample Book Title 175","Author Name 34",27.62,45,1,"This is a comprehensive description for sample book 175."
9784716566630,"Sample Book Title 176","Author Name 16",19.16,35,3,"This is a comprehensive description for sample book 176."
9781077725725,"Sample Book Title 177","Author Name 12",45.58,15,4,"This is a comprehensive description for sample book 177."
9785512344376,"Sample Book Title 178","Author Name 7",6.03,0,2,"This is a comprehensive description for sample book 178."
9784050033941,"Sample Book Title 179","Author Name 35",5.52,16,4,"This is a comprehensive description for sample book 179."
9780400288724,"Sample Book Title 180","Author Name 20",49.15,21,3,"This is a comprehensive description for sample book 180."
9784543581718,"Sample Book Title 181","Author Name 26",39.47,57,4,"This is a comprehensive description for sample book 181."
9782644009620,"Sample Book Title 182","Author Name 17",40.58,35,1,"This is a comprehensive description for sample book 182."
9785909806183,"Sample Book Title 183","Author Name 24",29.16,38,3,"This is a comprehensive description for sample book 183."
9782364630992,"Sample Book Title 184","Author Name 50",31.37,83,4,"This is a comprehensive description for sample book 184."
9787924771016,"Sample Book Title 185","Author Name 46",11.60,93,1,"This is a comprehensive description for sample book 185."
9784085348294,"Sample Book Title 186","Author Name 3",20.86,40,1,"This is a comprehensive description for sample book 186."
9789633975477,"Sample Book Title 187","Author Name 41",24.49,38,1,"This is a comprehensive description for sample book 187."
9783304255023,"Sample Book Title 188","Author Name 13",32.34,86,3,"This is a comprehensive description for sample book 188."
9786366284078,"Sample Book Title 189","Author Name 3",12.85,45,5,"This is a comprehensive description for sample book 189."
9784557452324,"Sample Book Title 190","Author Name 39",29.05,26,3,"This is a comprehensive description for sample book 190."
9786589291493,"Sample Book Title 191","Author Name 3",39.69,39,1,"This is a comprehensive description for sample book 191."
9784657201764,"Sample Book Title 192","Author Name 37",24.25,85,3,"This is a comprehensive description for sample book 192."
9782646834341,"Sample Book Title 193","Author Name 6",9.56,34,5,"This is a comprehensive description for sample book 193."
9780139342828,"Sample Book Title 194","Author Name 17",40.68,58,1,"This is a comprehensive description for sample book 194."
9785501565810,"Sample Book Title 195","Author Name 33",35.92,81,5,"This is a comprehensive description for sample book 195."
9781959938871,"Sample Book Title 196","Author Name 31",34.02,77,2,"This is a comprehensive description for sample book 196."
9782369265332,"Sample Book Title 197","Author Name 20",38.53,38,3,"This is a comprehensive description for sample book 197."
9784653980227,"Sample Book Title 198","Author Name 43",29.63,21,2,"This is a comprehensive description for sample book 198."
9785647798159,"Sample Book Title 199","Author Name 32",32.25,63,5,"This is a comprehensive description for sample book 199."
9787184177876,"Sample Book Title 200","Author Name 13",37.67,13,2,"This is a comprehensive description for sample book 200."
9785205875504,"Sample Book Title 201","Author Name 42",39.56,6,5,"This is a comprehensive description for sample book 201."
9784909434791,"Sample Book Title 202","Author Name 5",21.83,26,4,"This is a comprehensive description for sample book 202."
9784695882173,"Sample Book Title 203","Author Name 27",21.27,59,5,"This is a comprehensive description for sample book 203."
9782760675616,"Sample Book Title 204","Author Name 28",11.08,37,5,"This is a comprehensive description for sample book 204."
9785812684745,"Sample Book Title 205","Author Name 45",23.48,36,3,"This is a comprehensive description for sample book 205."
9785459896220,"Sample Book Title 206","Author Name 8",31.22,88,1,"This is a comprehensive description for sample book 206."
9780043457617,"Sample Book Title 207","Author Name 27",24.13,35,5,"This is a comprehensive description for sample book 207."
9781786626347,"Sample Book Title 208","Author Name 21",27.89,79,1,"This is a comprehensive description for sample book 208."
9787302616857,"Sample Book Title 209","Author Name 16",14.05,79,4,"This is a comprehensive description for sample book 209."
9786974697332,"Sample Book Title 210","Author Name 43",33.68,96,1,"This is a comprehensive description for sample book 210."
9782385771047,"Sample Book Title 211","Author Name 34",46.37,26,1,"This is a comprehensive description for sample book 211."
9782275321363,"Sample Book Title 212","Author Name 41",26.90,43,5,"This is a comprehensive description for sample book 212."
9785336796747,"Sample Book Title 213","Author Name 21",10.99,97,2,"This is a comprehensive description for sample book 213."
9781055762106,"Sample Book Title 214","Author Name 44",44.93,82,2,"This is a comprehensive description for sample book 214."
9788244882663,"Sample Book Title 215","Author Name 30",28.59,48,2,"This is a comprehensive description for sample book 215."
9788349121440,"Sample Book Title 216","Author Name 42",44.22,74,1,"This is a comprehensive description for sample book 216."
9780141333654,"Sample Book Title 217","Author Name 15",49.33,100,5,"This is a comprehensive description for sample book 217."
9781629923126,"Sample Book Title 218","Author Name 8",34.60,51,4,"This is a comprehensive description for sample book 218."
9785090489864,"Sample Book Title 219","Author Name 12",19.61,54,4,"This is a comprehensive description for sample book 219."
9787992773819,"Sample Book Title 220","Author Name 28",26.66,91,3,"This is a comprehensive description for sample book 220."
9786920885842,"Sample Book Title 221","Author Name 5",35.94,90,2,"This is a comprehensive description for sample book 221."
9786371707614,"Sample Book Title 222","Author Name 2",5.44,96,5,"This is a comprehensive description for sample book 222."
9789694828821,"Sample Book Title 223","Author Name 43",31.08,73,3,"This is a comprehensive description for sample book 223."
9787668972215,"Sample Book Title 224","Author Name 11",15.51,87,5,"This is a comprehensive description for sample book 224."
9784295907502,"Sample Book Title 225","Author Name 29",29.11,69,3,"This is a comprehensive description for sample book 225."
9789295693788,"Sample Book Title 226","Author Name 23",29.07,85,1,"This is a comprehensive description for sample book 226."
9786295845275,"Sample Book Title 227","Author Name 21",16.03,91,3,"This is a comprehensive description for sample book 227."
9783683357841,"Sample Book Title 228","Author Name 26",32.61,50,3,"This is a comprehensive description for sample book 228."
9787538848996,"Sample Book Title 229","Author Name 7",24.24,6,3,"This is a comprehensive description for sample book 229."
9783409580650,"Sample Book Title 230","Author Name 38",24.62,32,3,"This is a comprehensive description for sample book 230."
9784412876478,"Sample Book Title 231","Author Name 34",40.77,13,2,"This is a comprehensive description for sample book 231."
9780325595760,"Sample Book Title 232","Author Name 25",40.31,48,3,"This is a comprehensive description for sample book 232."
9781217728145,"Sample Book Title 233","Author Name 14",23.67,65,3,"This is a comprehensive description for sample book 233."
9785817566917,"Sample Book Title 234","Author Name 41",38.66,32,3,"This is a comprehensive description for sample book 234."
9788077780970,"Sample Book Title 235","Author Name 26",11.06,15,4,"This is a comprehensive description for sample book 235."
9784009943200,"Sample Book Title 236","Author Name 16",38.83,29,5,"This is a comprehensive description for sample book 236."
9787774817443,"Sample Book Title 237","Author Name 36",20.17,93,5,"This is a comprehensive description for sample book 237."
9783254274785,"Sample Book Title 238","Author Name 14",34.74,85,5,"This is a comprehensive description for sample book 238."
9781070588492,"Sample Book Title 239","Author Name 49",11.85,49,3,"This is a comprehensive description for sample book 239."
9780523478801,"Sample Book Title 240","Author Name 32",18.62,21,1,"This is a comprehensive description for sample book 240."
9786568145515,"Sample Book Title 241","Author Name 42",33.62,19,4,"This is a comprehensive description for sample book 241."
9788178678214,"Sample Book Title 242","Author Name 45",29.71,75,4,"This is a comprehensive description for sample book 242."
9781964175393,"Sample Book Title 243","Author Name 48",37.66,41,1,"This is a comprehensive description for sample book 243."
9785979512192,"Sample Book Title 244","Author Name 34",20.76,85,5,"This is a comprehensive description for sample book 244."
9784751589824,"Sample Book Title 245","Author Name 36",34.79,68,2,"This is a comprehensive description for sample book 245."
9788504320810,"Sample Book Title 246","Author Name 5",17.86,14,2,"This is a comprehensive description for sample book 246."
9782765592029,"Sample Book Title 247","Author Name 20",38.29,16,3,"This is a comprehensive description for sample book 247."
9782967313407,"Sample Book Title 248","Author Name 6",46.04,84,5,"This is a comprehensive description for sample book 248."
9783264152054,"Sample Book Title 249","Author Name 9",18.92,100,5,"This is a comprehensive description for sample book 249."
9786649297105,"Sample Book Title 250","Author Name 11",44.87,64,5,"This is a comprehensive description for sample book 250."
9784312124205,"Sample Book Title 251","Author Name 3",15.86,89,2,"This is a comprehensive description for sample book 251."
9782073885397,"Sample Book Title 252","Author Name 9",39.48,69,3,"This is a comprehensive description for sample book 252."
9784505517183,"Sample Book Title 253","Author Name 28",42.70,3,5,"This is a comprehensive description for sample book 253."
9783965630841,"Sample Book Title 254","Author Name 31",28.26,36,5,"This is a comprehensive description for sample book 254."
9780020754544,"Sample Book Title 255","Author Name 41",42.59,97,2,"This is a comprehensive description for sample book 255."
9787637815730,"Sample Book Title 256","Author Name 20",6.19,90,4,"This is a comprehensive description for sample book 256."
9789327424381,"Sample Book Title 257","Author Name 23",18.48,79,3,"This is a comprehensive description for sample book 257."
9786273461611,"Sample Book Title 258","Author Name 32",5.03,84,4,"This is a comprehensive description for sample book 258."
9780093855667,"Sample Book Title 259","Author Name 38",39.43,16,1,"This is a comprehensive description for sample book 259."
9785857523502,"Sample Book Title 260","Author Name 8",38.17,91,1,"This is a comprehensive description for sample book 260."
9780827249061,"Sample Book Title 261","Author Name 45",20.66,4,1,"This is a comprehensive description for sample book 261."
9789646982802,"Sample Book Title 262","Author Name 35",41.38,20,2,"This is a comprehensive description for sample book 262."
9788127276886,"Sample Book Title 263","Author Name 4",37.26,67,5,"This is a comprehensive description for sample book 263."
9785995665040,"Sample Book Title 264","Author Name 1",45.86,31,2,"This is a comprehensive description for sample book 264."
9787790616141,"Sample Book Title 265","Author Name 35",16.51,43,5,"This is a comprehensive description for sample book 265."
9785427410677,"Sample Book Title 266","Author Name 24",26.04,32,5,"This is a comprehensive description for sample book 266."
9786652314334,"Sample Book Title 267","Author Name 44",7.57,5,5,"This is a comprehensive description for sample book 267."
9782378568008,"Sample Book Title 268","Author Name 14",21.03,20,5,"This is a comprehensive description for sample book 268."
9780058419362,"Sample Book Title 269","Author Name 24",10.14,21,4,"This is a comprehensive description for sample book 269."
9784018418647,"Sample Book Title 270","Author Name 11",27.91,59,1,"This is a comprehensive description for sample book 270."
9783246120141,"Sample Book Title 271","Author Name 33",45.94,37,3,"This is a comprehensive description for sample book 271."
9787490315792,"Sample Book Title 272","Author Name 36",10.63,87,2,"This is a comprehensive description for sample book 272."
9787432190629,"Sample Book Title 273","Author Name 11",12.95,43,2,"This is a comprehensive description for sample book 273."
9783851782631,"Sample Book Title 274","Author Name 33",31.13,28,4,"This is a comprehensive description for sample book 274."
9782712978242,"Sample Book Title 275","Author Name 50",44.80,42,3,"This is a comprehensive description for sample book 275."
9786586949786,"Sample Book Title 276","Author Name 8",46.33,87,1,"This is a comprehensive description for sample book 276."
9782597498252,"Sample Book Title 277","Author Name 31",15.04,82,3,"This is a comprehensive description for sample book 277."
9783692145110,"Sample Book Title 278","Author Name 34",46.69,60,1,"This is a comprehensive description for sample book 278."
9781751353269,"Sample Book Title 279","Author Name 27",10.11,20,3,"This is a comprehensive description for sample book 279."
9789098275983,"Sample Book Title 280","Author Name 32",5.05,89,5,"This is a comprehensive description for sample book 280."
9789416698183,"Sample Book Title 281","Author Name 7",22.59,2,4,"This is a comprehensive description for sample book 281."
9786630599821,"Sample Book Title 282","Author Name 41",24.97,15,4,"This is a comprehensive description for sample book 282."
9782004294013,"Sample Book Title 283","Author Name 43",40.79,35,3,"This is a comprehensive description for sample book 283."
9786800394160,"Sample Book Title 284","Author Name 47",48.03,38,3,"This is a comprehensive description for sample book 284."
9786376660818,"Sample Book Title 285","Author Name 10",10.91,24,1,"This is a comprehensive description for sample book 285."
9786164556644,"Sample Book Title 286","Author Name 17",7.05,46,5,"This is a comprehensive description for sample book 286."
9786983484874,"Sample Book Title 287","Author Name 28",46.69,52,5,"This is a comprehensive description for sample book 287."
9782210570376,"Sample Book Title 288","Author Name 16",27.88,42,1,"This is a comprehensive description for sample book 288."
9780363587784,"Sample Book Title 289","Author Name 44",30.80,91,3,"This is a comprehensive description for sample book 289."
9786705379092,"Sample Book Title 290","Author Name 5",5.76,47,1,"This is a comprehensive description for sample book 290."
9780738194843,"Sample Book Title 291","Author Name 26",45.13,79,2,"This is a comprehensive description for sample book 291."
9788701158655,"Sample Book Title 292","Author Name 4",25.99,39,4,"This is a comprehensive description for sample book 292."
9782944272334,"Sample Book Title 293","Author Name 21",42.76,12,5,"This is a comprehensive description for sample book 293."
9781951751787,"Sample Book Title 294","Author Name 43",22.59,73,5,"This is a comprehensive description for sample book 294."
9787964358546,"Sample Book Title 295","Author Name 31",37.98,0,2,"This is a comprehensive description for sample book 295."
9786107525375,"Sample Book Title 296","Author Name 33",40.56,59,5,"This is a comprehensive description for sample book 296."
9786177585098,"Sample Book Title 297","Author Name 16",30.43,54,2,"This is a comprehensive description for sample book 297."
9784196172932,"Sample Book Title 298","Author Name 2",6.58,100,2,"This is a comprehensive description for sample book 298."
9786853228916,"Sample Book Title 299","Author Name 23",48.35,43,1,"This is a comprehensive description for sample book 299."
9782910937823,"Sample Book Title 300","Author Name 36",35.12,13,3,"This is a comprehensive description for sample book 300."
9782099929052,"Sample Book Title 301","Author Name 26",32.44,3,1,"This is a comprehensive description for sample book 301."
9789307973860,"Sample Book Title 302","Author Name 14",15.11,4,5,"This is a comprehensive description for sample book 302."
9787535873977,"Sample Book Title 303","Author Name 27",32.77,64,3,"This is a comprehensive description for sample book 303."
9788677392420,"Sample Book Title 304","Author Name 15",10.10,81,1,"This is a comprehensive description for sample book 304."
9783951009896,"Sample Book Title 305","Author Name 26",44.50,57,5,"This is a comprehensive description for sample book 305."
9788675161900,"Sample Book Title 306","Author Name 29",36.71,89,4,"This is a comprehensive description for sample book 306."
9786169156787,"Sample Book Title 307","Author Name 11",17.90,75,1,"This is a comprehensive description for sample book 307."
9782405113063,"Sample Book Title 308","Author Name 28",46.35,43,2,"This is a comprehensive description for sample book 308."
9783181438146,"Sample Book Title 309","Author Name 40",19.96,100,3,"This is a comprehensive description for sample book 309."
9783162175100,"Sample Book Title 310","Author Name 24",41.87,95,5,"This is a comprehensive description for sample book 310."
9782406419321,"Sample Book Title 311","Author Name 22",10.65,31,1,"This is a comprehensive description for sample book 311."
9782770107488,"Sample Book Title 312","Author Name 22",10.75,88,3,"This is a comprehensive description for sample book 312."
9787372941796,"Sample Book Title 313","Author Name 27",12.07,5,5,"This is a comprehensive description for sample book 313."
9782398151195,"Sample Book Title 314","Author Name 32",20.12,86,2,"This is a comprehensive description for sample book 314."
9784956650162,"Sample Book Title 315","Author Name 29",31.84,25,5,"This is a comprehensive description for sample book 315."
9787486103714,"Sample Book Title 316","Author Name 41",35.92,74,2,"This is a comprehensive description for sample book 316."
9786838165105,"Sample Book Title 317","Author Name 12",16.57,4,4,"This is a comprehensive description for sample book 317."
9781326819864,"Sample Book Title 318","Author Name 20",15.13,7,3,"This is a comprehensive description for sample book 318."
9784959549291,"Sample Book Title 319","Author Name 43",39.43,57,1,"This is a comprehensive description for sample book 319."
9781202857118,"Sample Book Title 320","Author Name 7",19.06,34,1,"This is a comprehensive description for sample book 320."
9786122410129,"Sample Book Title 321","Author Name 6",32.38,55,3,"This is a comprehensive description for sample book 321."
9782395698501,"Sample Book Title 322","Author Name 49",27.22,72,4,"This is a comprehensive description for sample book 322."
9782699960513,"Sample Book Title 323","Author Name 24",33.30,82,3,"This is a comprehensive description for sample book 323."
9785335923429,"Sample Book Title 324","Author Name 13",9.56,45,4,"This is a comprehensive description for sample book 324."
9786749892796,"Sample Book Title 325","Author Name 34",46.81,79,1,"This is a comprehensive description for sample book 325."
9789302850547,"Sample Book Title 326","Author Name 4",39.76,48,2,"This is a comprehensive description for sample book 326."
9781607803398,"Sample Book Title 327","Author Name 46",10.55,75,4,"This is a comprehensive description for sample book 327."
9788922417184,"Sample Book Title 328","Author Name 18",36.32,52,1,"This is a comprehensive description for sample book 328."
9782252283183,"Sample Book Title 329","Author Name 49",34.56,3,4,"This is a comprehensive description for sample book 329."
9780251451161,"Sample Book Title 330","Author Name 43",31.91,83,3,"This is a comprehensive description for sample book 330."
9789858422371,"Sample Book Title 331","Author Name 19",25.36,71,4,"This is a comprehensive description for sample book 331."
9782084403415,"Sample Book Title 332","Author Name 49",34.03,65,3,"This is a comprehensive description for sample book 332."
9780353012087,"Sample Book Title 333","Author Name 1",41.05,10,4,"This is a comprehensive description for sample book 333."
9789869078160,"Sample Book Title 334","Author Name 14",16.81,17,4,"This is a comprehensive description for sample book 334."
9782636563050,"Sample Book Title 335","Author Name 48",11.30,46,3,"This is a comprehensive description for sample book 335."
9780768027873,"Sample Book Title 336","Author Name 35",11.64,1,4,"This is a comprehensive description for sample book 336."
9784607235283,"Sample Book Title 337","Author Name 3",39.87,88,2,"This is a comprehensive description for sample book 337."
9786770248810,"Sample Book Title 338","Author Name 22",32.29,6,4,"This is a comprehensive description for sample book 338."
9789897476451,"Sample Book Title 339","Author Name 12",19.81,49,4,"This is a comprehensive description for sample book 339."
9782477025288,"Sample Book Title 340","Author Name 12",10.19,0,2,"This is a comprehensive description for sample book 340."
9781350438427,"Sample Book Title 341","Author Name 48",16.20,37,5,"This is a comprehensive description for sample book 341."
9780053411418,"Sample Book Title 342","Author Name 49",30.58,12,3,"This is a comprehensive description for sample book 342."
9780438793476,"Sample Book Title 343","Author Name 40",35.07,80,3,"This is a comprehensive description for sample book 343."
9787215264152,"Sample Book Title 344","Author Name 12",27.24,42,2,"This is a comprehensive description for sample book 344."
9788140668482,"Sample Book Title 345","Author Name 36",32.43,78,3,"This is a comprehensive description for sample book 345."
9789756551195,"Sample Book Title 346","Author Name 13",44.64,49,1,"This is a comprehensive description for sample book 346."
9785133167336,"Sample Book Title 347","Author Name 39",40.59,59,5,"This is a comprehensive description for sample book 347."
9789085216457,"Sample Book Title 348","Author Name 17",49.10,26,3,"This is a comprehensive description for sample book 348."
9783170063951,"Sample Book Title 349","Author Name 31",24.68,65,4,"This is a comprehensive description for sample book 349."
9785723330824,"Sample Book Title 350","Author Name 47",38.64,4,4,"This is a comprehensive description for sample book 350."
9787375893005,"Sample Book Title 351","Author Name 26",24.84,97,4,"This is a comprehensive description for sample book 351."
9784258847801,"Sample Book Title 352","Author Name 32",18.81,3,5,"This is a comprehensive description for sample book 352."
9789328004685,"Sample Book Title 353","Author Name 44",9.71,0,4,"This is a comprehensive description for sample book 353."
9786569690164,"Sample Book Title 354","Author Name 30",6.81,42,5,"This is a comprehensive description for sample book 354."
9780296240981,"Sample Book Title 355","Author Name 33",34.36,2,1,"This is a comprehensive description for sample book 355."
9788505427066,"Sample Book Title 356","Author Name 7",6.74,57,2,"This is a comprehensive description for sample book 356."
9784745388606,"Sample Book Title 357","Author Name 10",41.85,100,3,"This is a comprehensive description for sample book 357."
9782378105971,"Sample Book Title 358","Author Name 30",12.76,74,3,"This is a comprehensive description for sample book 358."
9782601102922,"Sample Book Title 359","Author Name 34",10.66,13,4,"This is a comprehensive description for sample book 359."
9785510257125,"Sample Book Title 360","Author Name 33",7.71,23,2,"This is a comprehensive description for sample book 360."
9780857833431,"Sample Book Title 361","Author Name 1",22.67,35,2,"This is a comprehensive description for sample book 361."
9786435553242,"Sample Book Title 362","Author Name 22",11.96,13,1,"This is a comprehensive description for sample book 362."
9781689660064,"Sample Book Title 363","Author Name 31",37.95,68,2,"This is a comprehensive description for sample book 363."
9784630118891,"Sample Book Title 364","Author Name 45",36.19,60,2,"This is a comprehensive description for sample book 364."
9789752998790,"Sample Book Title 365","Author Name 50",15.18,97,1,"This is a comprehensive description for sample book 365."
9781004186718,"Sample Book Title 366","Author Name 9",22.03,2,5,"This is a comprehensive description for sample book 366."
9784687728444,"Sample Book Title 367","Author Name 36",11.01,7,5,"This is a comprehensive description for sample book 367."
9788793043280,"Sample Book Title 368","Author Name 39",18.56,72,5,"This is a comprehensive description for sample book 368."
9787117811820,"Sample Book Title 369","Author Name 43",45.18,25,3,"This is a comprehensive description for sample book 369."
9788279817870,"Sample Book Title 370","Author Name 16",29.41,15,2,"This is a comprehensive description for sample book 370."
9781827578321,"Sample Book Title 371","Author Name 27",49.95,26,4,"This is a comprehensive description for sample book 371."
9785177486079,"Sample Book Title 372","Author Name 27",29.36,26,3,"This is a comprehensive description for sample book 372."
9786248042557,"Sample Book Title 373","Author Name 45",22.63,65,3,"This is a comprehensive description for sample book 373."
9782725424990,"Sample Book Title 374","Author Name 10",39.22,30,1,"This is a comprehensive description for sample book 374."
9781630408112,"Sample Book Title 375","Author Name 37",37.28,68,1,"This is a comprehensive description for sample book 375."
9780448550275,"Sample Book Title 376","Author Name 29",31.82,15,4,"This is a comprehensive description for sample book 376."
9789566192062,"Sample Book Title 377","Author Name 34",30.20,76,3,"This is a comprehensive description for sample book 377."
9784174069790,"Sample Book Title 378","Author Name 49",30.91,26,2,"This is a comprehensive description for sample book 378."
9782566903661,"Sample Book Title 379","Author Name 2",12.52,69,2,"This is a comprehensive description for sample book 379."
9787008091975,"Sample Book Title 380","Author Name 36",31.33,40,1,"This is a comprehensive description for sample book 380."
9781856352587,"Sample Book Title 381","Author Name 41",42.74,64,5,"This is a comprehensive description for sample book 381."
9780688578761,"Sample Book Title 382","Author Name 47",36.55,66,1,"This is a comprehensive description for sample book 382."
9781764870906,"Sample Book Title 383","Author Name 33",25.05,50,3,"This is a comprehensive description for sample book 383."
9787916923073,"Sample Book Title 384","Author Name 12",37.11,50,1,"This is a comprehensive description for sample book 384."
9781347634502,"Sample Book Title 385","Author Name 8",6.87,38,1,"This is a comprehensive description for sample book 385."
9783770607969,"Sample Book Title 386","Author Name 33",6.06,39,2,"This is a comprehensive description for sample book 386."
9788471979352,"Sample Book Title 387","Author Name 37",47.09,68,4,"This is a comprehensive description for sample book 387."
9789529446077,"Sample Book Title 388","Author Name 4",5.24,85,5,"This is a comprehensive description for sample book 388."
9782632435251,"Sample Book Title 389","Author Name 19",27.74,96,2,"This is a comprehensive description for sample book 389."
9787870719935,"Sample Book Title 390","Author Name 5",46.52,52,1,"This is a comprehensive description for sample book 390."
9787507656513,"Sample Book Title 391","Author Name 10",37.01,81,4,"This is a comprehensive description for sample book 391."
9786343143995,"Sample Book Title 392","Author Name 13",29.87,72,1,"This is a comprehensive description for sample book 392."
9782365919637,"Sample Book Title 393","Author Name 29",9.57,10,3,"This is a comprehensive description for sample book 393."
9783958005573,"Sample Book Title 394","Author Name 34",19.98,88,2,"This is a comprehensive description for sample book 394."
9783471114586,"Sample Book Title 395","Author Name 12",34.28,95,2,"This is a comprehensive description for sample book 395."
9784446847183,"Sample Book Title 396","Author Name 1",37.19,27,3,"This is a comprehensive description for sample book 396."
9789294021451,"Sample Book Title 397","Author Name 34",20.02,6,2,"This is a comprehensive description for sample book 397."
9781087284827,"Sample Book Title 398","Author Name 16",42.35,83,4,"This is a comprehensive description for sample book 398."
9785906642735,"Sample Book Title 399","Author Name 32",38.17,77,5,"This is a comprehensive description for sample book 399."
9780576728438,"Sample Book Title 400","Author Name 1",37.74,57,1,"This is a comprehensive description for sample book 400."
9789761137031,"Sample Book Title 401","Author Name 44",36.38,100,4,"This is a comprehensive description for sample book 401."
9787317257903,"Sample Book Title 402","Author Name 28",21.93,72,1,"This is a comprehensive description for sample book 402."
9786908277044,"Sample Book Title 403","Author Name 22",29.93,32,1,"This is a comprehensive description for sample book 403."
9784643633766,"Sample Book Title 404","Author Name 8",26.80,1,1,"This is a comprehensive description for sample book 404."
9785706386110,"Sample Book Title 405","Author Name 48",12.34,71,2,"This is a comprehensive description for sample book 405."
9782095964232,"Sample Book Title 406","Author Name 13",26.16,3,4,"This is a comprehensive description for sample book 406."
9789539792095,"Sample Book Title 407","Author Name 7",33.50,75,4,"This is a comprehensive description for sample book 407."
9781490146061,"Sample Book Title 408","Author Name 3",25.56,32,2,"This is a comprehensive description for sample book 408."
9783190667528,"Sample Book Title 409","Author Name 19",13.02,33,4,"This is a comprehensive description for sample book 409."
9783860050315,"Sample Book Title 410","Author Name 33",48.01,44,5,"This is a comprehensive description for sample book 410."
9783220921500,"Sample Book Title 411","Author Name 48",47.80,71,2,"This is a comprehensive description for sample book 411."
9780125632051,"Sample Book Title 412","Author Name 36",37.21,5,4,"This is a comprehensive description for sample book 412."
9788452017099,"Sample Book Title 413","Author Name 12",27.36,74,3,"This is a comprehensive description for sample book 413."
9780409206009,"Sample Book Title 414","Author Name 14",26.44,63,3,"This is a comprehensive description for sample book 414."
9782263917613,"Sample Book Title 415","Author Name 16",6.05,32,4,"This is a comprehensive description for sample book 415."
9782921402966,"Sample Book Title 416","Author Name 13",16.73,21,5,"This is a comprehensive description for sample book 416."
9785892587131,"Sample Book Title 417","Author Name 29",24.98,34,5,"This is a comprehensive description for sample book 417."
9781964580438,"Sample Book Title 418","Author Name 36",18.69,97,3,"This is a comprehensive description for sample book 418."
9789174931838,"Sample Book Title 419","Author Name 17",15.91,91,2,"This is a comprehensive description for sample book 419."
9787114899174,"Sample Book Title 420","Author Name 39",49.50,62,5,"This is a comprehensive description for sample book 420."
9782679018110,"Sample Book Title 421","Author Name 16",44.46,27,2,"This is a comprehensive description for sample book 421."
9781930730989,"Sample Book Title 422","Author Name 39",43.29,24,3,"This is a comprehensive description for sample book 422."
9784829541546,"Sample Book Title 423","Author Name 14",49.88,27,4,"This is a comprehensive description for sample book 423."
9785132082552,"Sample Book Title 424","Author Name 41",12.64,54,1,"This is a comprehensive description for sample book 424."
9781238691467,"Sample Book Title 425","Author Name 32",15.77,90,5,"This is a comprehensive description for sample book 425."
9786795560462,"Sample Book Title 426","Author Name 39",28.51,91,4,"This is a comprehensive description for sample book 426."
9789008767629,"Sample Book Title 427","Author Name 5",11.72,81,4,"This is a comprehensive description for sample book 427."
9780137903007,"Sample Book Title 428","Author Name 42",21.75,60,3,"This is a comprehensive description for sample book 428."
9780740568181,"Sample Book Title 429","Author Name 34",36.91,80,3,"This is a comprehensive description for sample book 429."
9784320880853,"Sample Book Title 430","Author Name 50",26.87,53,3,"This is a comprehensive description for sample book 430."
9788577561991,"Sample Book Title 431","Author Name 32",20.69,44,4,"This is a comprehensive description for sample book 431."
9782541924667,"Sample Book Title 432","Author Name 24",9.66,9,2,"This is a comprehensive description for sample book 432."
9783741959063,"Sample Book Title 433","Author Name 19",41.26,57,1,"This is a comprehensive description for sample book 433."
9787996251807,"Sample Book Title 434","Author Name 3",17.78,51,1,"This is a comprehensive description for sample book 434."
9780470447954,"Sample Book Title 435","Author Name 9",25.15,81,2,"This is a comprehensive description for sample book 435."
9785416186766,"Sample Book Title 436","Author Name 15",48.40,5,1,"This is a comprehensive description for sample book 436."
9785887523523,"Sample Book Title 437","Author Name 26",5.26,91,4,"This is a comprehensive description for sample book 437."
9788205769387,"Sample Book Title 438","Author Name 47",12.44,27,1,"This is a comprehensive description for sample book 438."
9784931699856,"Sample Book Title 439","Author Name 6",34.55,70,2,"This is a comprehensive description for sample book 439."
9782865894314,"Sample Book Title 440","Author Name 26",44.15,5,3,"This is a comprehensive description for sample book 440."
9789947005132,"Sample Book Title 441","Author Name 21",48.72,99,4,"This is a comprehensive description for sample book 441."
9781173585550,"Sample Book Title 442","Author Name 45",45.35,78,1,"This is a comprehensive description for sample book 442."
9786102185741,"Sample Book Title 443","Author Name 1",44.14,83,1,"This is a comprehensive description for sample book 443."
9781100323740,"Sample Book Title 444","Author Name 7",5.08,37,4,"This is a comprehensive description for sample book 444."
9785351073948,"Sample Book Title 445","Author Name 37",25.02,35,1,"This is a comprehensive description for sample book 445."
9789935435224,"Sample Book Title 446","Author Name 28",19.50,56,1,"This is a comprehensive description for sample book 446."
9787840981071,"Sample Book Title 447","Author Name 1",28.16,0,4,"This is a comprehensive description for sample book 447."
9788309596322,"Sample Book Title 448","Author Name 18",6.08,79,2,"This is a comprehensive description for sample book 448."
9787804089500,"Sample Book Title 449","Author Name 8",16.85,8,4,"This is a comprehensive description for sample book 449."
9780598350984,"Sample Book Title 450","Author Name 31",8.64,45,1,"This is a comprehensive description for sample book 450."
9787907199291,"Sample Book Title 451","Author Name 25",17.17,24,4,"This is a comprehensive description for sample book 451."
9785657455461,"Sample Book Title 452","Author Name 49",41.93,43,2,"This is a comprehensive description for sample book 452."
9784427800110,"Sample Book Title 453","Author Name 1",19.57,29,1,"This is a comprehensive description for sample book 453."
9781314890135,"Sample Book Title 454","Author Name 45",49.67,54,5,"This is a comprehensive description for sample book 454."
9787316384474,"Sample Book Title 455","Author Name 16",30.01,55,2,"This is a comprehensive description for sample book 455."
9782467628708,"Sample Book Title 456","Author Name 8",34.58,69,5,"This is a comprehensive description for sample book 456."
9780432915853,"Sample Book Title 457","Author Name 38",40.68,35,3,"This is a comprehensive description for sample book 457."
9782246880714,"Sample Book Title 458","Author Name 49",42.18,28,3,"This is a comprehensive description for sample book 458."
9781906749847,"Sample Book Title 459","Author Name 26",25.40,46,2,"This is a comprehensive description for sample book 459."
9787800727937,"Sample Book Title 460","Author Name 48",23.89,80,1,"This is a comprehensive description for sample book 460."
9780244901045,"Sample Book Title 461","Author Name 48",10.06,28,3,"This is a comprehensive description for sample book 461."
9787382924180,"Sample Book Title 462","Author Name 32",25.44,72,5,"This is a comprehensive description for sample book 462."
9785822162963,"Sample Book Title 463","Author Name 26",12.40,93,4,"This is a comprehensive description for sample book 463."
9783271770396,"Sample Book Title 464","Author Name 1",33.93,18,5,"This is a comprehensive description for sample book 464."
9788016589613,"Sample Book Title 465","Author Name 16",23.31,80,2,"This is a comprehensive description for sample book 465."
9783703723954,"Sample Book Title 466","Author Name 48",34.88,22,3,"This is a comprehensive description for sample book 466."
9780335783520,"Sample Book Title 467","Author Name 39",14.70,16,4,"This is a comprehensive description for sample book 467."
9786791594156,"Sample Book Title 468","Author Name 11",42.15,46,3,"This is a comprehensive description for sample book 468."
9787317626785,"Sample Book Title 469","Author Name 26",19.70,37,1,"This is a comprehensive description for sample book 469."
9781433522885,"Sample Book Title 470","Author Name 28",6.61,13,2,"This is a comprehensive description for sample book 470."
9789795486917,"Sample Book Title 471","Author Name 16",20.18,99,5,"This is a comprehensive description for sample book 471."
9787005208801,"Sample Book Title 472","Author Name 48",49.25,62,4,"This is a comprehensive description for sample book 472."
9788075361576,"Sample Book Title 473","Author Name 30",15.46,97,5,"This is a comprehensive description for sample book 473."
9784723398006,"Sample Book Title 474","Author Name 9",40.19,9,2,"This is a comprehensive description for sample book 474."
9786237702574,"Sample Book Title 475","Author Name 43",10.01,56,2,"This is a comprehensive description for sample book 475."
9788607175448,"Sample Book Title 476","Author Name 32",36.51,76,1,"This is a comprehensive description for sample book 476."
9781844122326,"Sample Book Title 477","Author Name 26",20.04,99,5,"This is a comprehensive description for sample book 477."
9780903058808,"Sample Book Title 478","Author Name 8",42.59,81,5,"This is a comprehensive description for sample book 478."
9788050296283,"Sample Book Title 479","Author Name 27",17.09,5,4,"This is a comprehensive description for sample book 479."
9783583228126,"Sample Book Title 480","Author Name 4",29.84,5,3,"This is a comprehensive description for sample book 480."
9782981374159,"Sample Book Title 481","Author Name 16",22.11,9,3,"This is a comprehensive description for sample book 481."
9785525969251,"Sample Book Title 482","Author Name 30",20.94,93,1,"This is a comprehensive description for sample book 482."
9789285328147,"Sample Book Title 483","Author Name 48",18.87,53,4,"This is a comprehensive description for sample book 483."
9783922899429,"Sample Book Title 484","Author Name 37",23.89,100,2,"This is a comprehensive description for sample book 484."
9780146783302,"Sample Book Title 485","Author Name 13",10.18,24,5,"This is a comprehensive description for sample book 485."
9785630457273,"Sample Book Title 486","Author Name 28",22.05,41,1,"This is a comprehensive description for sample book 486."
9788623465272,"Sample Book Title 487","Author Name 2",18.65,73,2,"This is a comprehensive description for sample book 487."
9780495982055,"Sample Book Title 488","Author Name 40",10.20,81,3,"This is a comprehensive description for sample book 488."
9787118644565,"Sample Book Title 489","Author Name 48",49.95,53,5,"This is a comprehensive description for sample book 489."
9789751632237,"Sample Book Title 490","Author Name 44",42.59,57,1,"This is a comprehensive description for sample book 490."
9788245717785,"Sample Book Title 491","Author Name 10",49.91,74,2,"This is a comprehensive description for sample book 491."
9782599566798,"Sample Book Title 492","Author Name 12",5.79,67,1,"This is a comprehensive description for sample book 492."
9780691542471,"Sample Book Title 493","Author Name 25",45.25,33,3,"This is a comprehensive description for sample book 493."
9783722013702,"Sample Book Title 494","Author Name 14",36.21,94,2,"This is a comprehensive description for sample book 494."
9788391581371,"Sample Book Title 495","Author Name 12",11.52,96,5,"This is a comprehensive description for sample book 495."
9789844320730,"Sample Book Title 496","Author Name 25",26.59,52,4,"This is a comprehensive description for sample book 496."
9783069683829,"Sample Book Title 497","Author Name 42",10.60,53,5,"This is a comprehensive description for sample book 497."
9788155881853,"Sample Book Title 498","Author Name 45",20.28,79,5,"This is a comprehensive description for sample book 498."
9789126920209,"Sample Book Title 499","Author Name 41",27.64,58,5,"This is a comprehensive description for sample book 499."
9781698519280,"Sample Book Title 500","Author Name 6",45.41,14,3,"This is a comprehensive description for sample book 500."
9788827134453,"Sample Book Title 501","Author Name 12",46.87,3,5,"This is a comprehensive description for sample book 501."
9788077966576,"Sample Book Title 502","Author Name 44",38.51,20,2,"This is a comprehensive description for sample book 502."
9786632306949,"Sample Book Title 503","Author Name 40",16.16,66,5,"This is a comprehensive description for sample book 503."
9786880266294,"Sample Book Title 504","Author Name 1",31.95,91,1,"This is a comprehensive description for sample book 504."
9782854572591,"Sample Book Title 505","Author Name 47",24.69,31,3,"This is a comprehensive description for sample book 505."
9784463270286,"Sample Book Title 506","Author Name 41",42.11,83,2,"This is a comprehensive description for sample book 506."
9784886818571,"Sample Book Title 507","Author Name 36",9.50,61,5,"This is a comprehensive description for sample book 507."
9782874020995,"Sample Book Title 508","Author Name 14",37.43,74,5,"This is a comprehensive description for sample book 508."
9788578262551,"Sample Book Title 509","Author Name 45",19.50,46,2,"This is a comprehensive description for sample book 509."
9788272669308,"Sample Book Title 510","Author Name 6",37.50,25,4,"This is a comprehensive description for sample book 510."
9787688013729,"Sample Book Title 511","Author Name 4",25.53,34,4,"This is a comprehensive description for sample book 511."
9783210503398,"Sample Book Title 512","Author Name 35",21.26,86,3,"This is a comprehensive description for sample book 512."
9789268004384,"Sample Book Title 513","Author Name 9",35.09,83,5,"This is a comprehensive description for sample book 513."
9784973139224,"Sample Book Title 514","Author Name 49",42.16,64,1,"This is a comprehensive description for sample book 514."
9784122150228,"Sample Book Title 515","Author Name 5",20.03,11,2,"This is a comprehensive description for sample book 515."
9788366294971,"Sample Book Title 516","Author Name 7",13.36,71,1,"This is a comprehensive description for sample book 516."
9787042002831,"Sample Book Title 517","Author Name 5",43.12,43,4,"This is a comprehensive description for sample book 517."
9789868910371,"Sample Book Title 518","Author Name 45",9.37,41,2,"This is a comprehensive description for sample book 518."
9787163987784,"Sample Book Title 519","Author Name 33",17.51,70,4,"This is a comprehensive description for sample book 519."
9780020369985,"Sample Book Title 520","Author Name 31",27.69,33,3,"This is a comprehensive description for sample book 520."
9781592643139,"Sample Book Title 521","Author Name 33",33.40,51,5,"This is a comprehensive description for sample book 521."
9780262063398,"Sample Book Title 522","Author Name 42",33.66,6,5,"This is a comprehensive description for sample book 522."
9788381580032,"Sample Book Title 523","Author Name 42",7.73,51,4,"This is a comprehensive description for sample book 523."
9788743770241,"Sample Book Title 524","Author Name 16",10.59,79,2,"This is a comprehensive description for sample book 524."
9785359026129,"Sample Book Title 525","Author Name 33",31.20,73,5,"This is a comprehensive description for sample book 525."
9787580970570,"Sample Book Title 526","Author Name 16",13.26,73,1,"This is a comprehensive description for sample book 526."
9781262848035,"Sample Book Title 527","Author Name 21",45.49,84,3,"This is a comprehensive description for sample book 527."
9787760004333,"Sample Book Title 528","Author Name 11",44.08,86,5,"This is a comprehensive description for sample book 528."
9789009849372,"Sample Book Title 529","Author Name 6",17.77,14,4,"This is a comprehensive description for sample book 529."
9780127631066,"Sample Book Title 530","Author Name 36",48.76,16,2,"This is a comprehensive description for sample book 530."
9785058183753,"Sample Book Title 531","Author Name 39",26.23,71,4,"This is a comprehensive description for sample book 531."
9785905207080,"Sample Book Title 532","Author Name 4",29.25,95,1,"This is a comprehensive description for sample book 532."
9781176671208,"Sample Book Title 533","Author Name 28",19.59,68,5,"This is a comprehensive description for sample book 533."
9786351048762,"Sample Book Title 534","Author Name 31",37.37,36,4,"This is a comprehensive description for sample book 534."
9786946444052,"Sample Book Title 535","Author Name 29",11.13,14,2,"This is a comprehensive description for sample book 535."
9786917409459,"Sample Book Title 536","Author Name 21",8.33,39,4,"This is a comprehensive description for sample book 536."
9786000020203,"Sample Book Title 537","Author Name 50",16.74,58,4,"This is a comprehensive description for sample book 537."
9789938705383,"Sample Book Title 538","Author Name 9",29.98,81,2,"This is a comprehensive description for sample book 538."
9789363084965,"Sample Book Title 539","Author Name 16",36.07,1,1,"This is a comprehensive description for sample book 539."
9789139125091,"Sample Book Title 540","Author Name 29",37.00,65,3,"This is a comprehensive description for sample book 540."
9786192070984,"Sample Book Title 541","Author Name 13",21.93,69,1,"This is a comprehensive description for sample book 541."
9789024342532,"Sample Book Title 542","Author Name 10",27.36,91,1,"This is a comprehensive description for sample book 542."
9787025627663,"Sample Book Title 543","Author Name 50",7.23,59,3,"This is a comprehensive description for sample book 543."
9786859728435,"Sample Book Title 544","Author Name 37",34.41,86,4,"This is a comprehensive description for sample book 544."
9787410487661,"Sample Book Title 545","Author Name 45",24.31,22,2,"This is a comprehensive description for sample book 545."
9789530691713,"Sample Book Title 546","Author Name 6",5.18,90,4,"This is a comprehensive description for sample book 546."
9786207657002,"Sample Book Title 547","Author Name 1",20.52,24,2,"This is a comprehensive description for sample book 547."
9783754488911,"Sample Book Title 548","Author Name 42",32.74,68,5,"This is a comprehensive description for sample book 548."
9784079165748,"Sample Book Title 549","Author Name 17",26.39,6,2,"This is a comprehensive description for sample book 549."
9780266320366,"Sample Book Title 550","Author Name 8",23.99,6,3,"This is a comprehensive description for sample book 550."
9789670877519,"Sample Book Title 551","Author Name 33",8.37,95,1,"This is a comprehensive description for sample book 551."
9780985788138,"Sample Book Title 552","Author Name 6",44.40,49,3,"This is a comprehensive description for sample book 552."
9781739197936,"Sample Book Title 553","Author Name 20",31.58,3,5,"This is a comprehensive description for sample book 553."
9783795345744,"Sample Book Title 554","Author Name 2",20.82,78,3,"This is a comprehensive description for sample book 554."
9780471579995,"Sample Book Title 555","Author Name 26",17.29,57,5,"This is a comprehensive description for sample book 555."
9784917621777,"Sample Book Title 556","Author Name 7",12.73,42,1,"This is a comprehensive description for sample book 556."
9789647554349,"Sample Book Title 557","Author Name 2",13.86,90,4,"This is a comprehensive description for sample book 557."
9780962840934,"Sample Book Title 558","Author Name 26",20.31,24,5,"This is a comprehensive description for sample book 558."
9782137342947,"Sample Book Title 559","Author Name 23",19.21,48,5,"This is a comprehensive description for sample book 559."
9783307429313,"Sample Book Title 560","Author Name 25",45.37,23,3,"This is a comprehensive description for sample book 560."
9783066434333,"Sample Book Title 561","Author Name 23",16.23,20,2,"This is a comprehensive description for sample book 561."
9787698143054,"Sample Book Title 562","Author Name 15",21.29,59,4,"This is a comprehensive description for sample book 562."
9783365310468,"Sample Book Title 563","Author Name 6",30.31,20,1,"This is a comprehensive description for sample book 563."
9787365520523,"Sample Book Title 564","Author Name 43",29.45,31,1,"This is a comprehensive description for sample book 564."
9781647353231,"Sample Book Title 565","Author Name 34",30.11,4,4,"This is a comprehensive description for sample book 565."
9785597551339,"Sample Book Title 566","Author Name 18",49.19,10,3,"This is a comprehensive description for sample book 566."
9783038112500,"Sample Book Title 567","Author Name 50",31.32,61,2,"This is a comprehensive description for sample book 567."
9787721772352,"Sample Book Title 568","Author Name 44",38.69,53,1,"This is a comprehensive description for sample book 568."
9783393811974,"Sample Book Title 569","Author Name 23",28.84,74,4,"This is a comprehensive description for sample book 569."
9787341984824,"Sample Book Title 570","Author Name 33",40.64,73,2,"This is a comprehensive description for sample book 570."
9783396971368,"Sample Book Title 571","Author Name 2",44.33,93,3,"This is a comprehensive description for sample book 571."
9782592275752,"Sample Book Title 572","Author Name 5",44.57,9,3,"This is a comprehensive description for sample book 572."
9782978812218,"Sample Book Title 573","Author Name 23",18.64,6,3,"This is a comprehensive description for sample book 573."
9789319082404,"Sample Book Title 574","Author Name 18",38.76,55,1,"This is a comprehensive description for sample book 574."
9784426132528,"Sample Book Title 575","Author Name 16",48.30,3,3,"This is a comprehensive description for sample book 575."
9789909660369,"Sample Book Title 576","Author Name 39",33.09,59,2,"This is a comprehensive description for sample book 576."
9788031172121,"Sample Book Title 577","Author Name 18",48.12,37,5,"This is a comprehensive description for sample book 577."
9784000646836,"Sample Book Title 578","Author Name 45",11.16,51,3,"This is a comprehensive description for sample book 578."
9781771491824,"Sample Book Title 579","Author Name 37",42.18,83,1,"This is a comprehensive description for sample book 579."
9789711341987,"Sample Book Title 580","Author Name 45",31.45,23,1,"This is a comprehensive description for sample book 580."
9786807968464,"Sample Book Title 581","Author Name 47",49.48,5,3,"This is a comprehensive description for sample book 581."
9784945338506,"Sample Book Title 582","Author Name 15",7.49,48,1,"This is a comprehensive description for sample book 582."
9783906997945,"Sample Book Title 583","Author Name 10",33.87,38,3,"This is a comprehensive description for sample book 583."
9781258299220,"Sample Book Title 584","Author Name 17",28.59,57,1,"This is a comprehensive description for sample book 584."
9787860805283,"Sample Book Title 585","Author Name 29",9.03,42,3,"This is a comprehensive description for sample book 585."
9789235037591,"Sample Book Title 586","Author Name 45",34.70,42,3,"This is a comprehensive description for sample book 586."
9782868749956,"Sample Book Title 587","Author Name 35",15.66,55,3,"This is a comprehensive description for sample book 587."
9789165898074,"Sample Book Title 588","Author Name 26",9.15,42,1,"This is a comprehensive description for sample book 588."
9785916899038,"Sample Book Title 589","Author Name 35",42.88,5,4,"This is a comprehensive description for sample book 589."
9780713605869,"Sample Book Title 590","Author Name 28",11.66,63,2,"This is a comprehensive description for sample book 590."
9780208724571,"Sample Book Title 591","Author Name 28",42.54,37,2,"This is a comprehensive description for sample book 591."
9783285686363,"Sample Book Title 592","Author Name 22",6.27,70,4,"This is a comprehensive description for sample book 592."
9785751697907,"Sample Book Title 593","Author Name 41",8.75,33,5,"This is a comprehensive description for sample book 593."
9784664084917,"Sample Book Title 594","Author Name 32",39.84,85,4,"This is a comprehensive description for sample book 594."
9780904172159,"Sample Book Title 595","Author Name 45",16.78,48,1,"This is a comprehensive description for sample book 595."
9784571455045,"Sample Book Title 596","Author Name 6",41.91,31,2,"This is a comprehensive description for sample book 596."
9781483718607,"Sample Book Title 597","Author Name 1",17.89,30,3,"This is a comprehensive description for sample book 597."
9782989339804,"Sample Book Title 598","Author Name 44",30.70,52,5,"This is a comprehensive description for sample book 598."
9784923821524,"Sample Book Title 599","Author Name 4",16.74,61,4,"This is a comprehensive description for sample book 599."
9783783037950,"Sample Book Title 600","Author Name 21",26.45,9,4,"This is a comprehensive description for sample book 600."
9783448516353,"Sample Book Title 601","Author Name 37",40.41,23,4,"This is a comprehensive description for sample book 601."
9782498233806,"Sample Book Title 602","Author Name 20",22.54,66,5,"This is a comprehensive description for sample book 602."
9783555940842,"Sample Book Title 603","Author Name 45",20.77,16,2,"This is a comprehensive description for sample book 603."
9780545170582,"Sample Book Title 604","Author Name 33",36.39,15,5,"This is a comprehensive description for sample book 604."
9789254357206,"Sample Book Title 605","Author Name 14",47.99,96,3,"This is a comprehensive description for sample book 605."
9788108281894,"Sample Book Title 606","Author Name 4",17.34,72,4,"This is a comprehensive description for sample book 606."
9786893011067,"Sample Book Title 607","Author Name 22",43.02,85,2,"This is a comprehensive description for sample book 607."
9781360668925,"Sample Book Title 608","Author Name 7",21.59,12,2,"This is a comprehensive description for sample book 608."
9787438057244,"Sample Book Title 609","Author Name 5",39.62,3,2,"This is a comprehensive description for sample book 609."
9781084411329,"Sample Book Title 610","Author Name 20",17.20,50,1,"This is a comprehensive description for sample book 610."
9782269235167,"Sample Book Title 611","Author Name 23",12.07,35,3,"This is a comprehensive description for sample book 611."
9786242986900,"Sample Book Title 612","Author Name 9",7.22,4,2,"This is a comprehensive description for sample book 612."
9789982108348,"Sample Book Title 613","Author Name 21",17.06,52,5,"This is a comprehensive description for sample book 613."
9785001448799,"Sample Book Title 614","Author Name 42",44.96,53,5,"This is a comprehensive description for sample book 614."
9784834340453,"Sample Book Title 615","Author Name 30",12.87,90,1,"This is a comprehensive description for sample book 615."
9781387842940,"Sample Book Title 616","Author Name 25",42.70,34,1,"This is a comprehensive description for sample book 616."
9786335180337,"Sample Book Title 617","Author Name 11",40.59,14,2,"This is a comprehensive description for sample book 617."
9789140389501,"Sample Book Title 618","Author Name 30",41.53,4,5,"This is a comprehensive description for sample book 618."
9780042049024,"Sample Book Title 619","Author Name 5",27.39,98,5,"This is a comprehensive description for sample book 619."
9785085417588,"Sample Book Title 620","Author Name 14",34.05,11,1,"This is a comprehensive description for sample book 620."
9789301469142,"Sample Book Title 621","Author Name 39",44.81,28,4,"This is a comprehensive description for sample book 621."
9784603078584,"Sample Book Title 622","Author Name 46",22.12,78,1,"This is a comprehensive description for sample book 622."
9782395976032,"Sample Book Title 623","Author Name 2",22.33,97,5,"This is a comprehensive description for sample book 623."
9780212593801,"Sample Book Title 624","Author Name 25",27.62,22,3,"This is a comprehensive description for sample book 624."
9781404468463,"Sample Book Title 625","Author Name 31",19.07,13,5,"This is a comprehensive description for sample book 625."
9788097601281,"Sample Book Title 626","Author Name 35",22.15,53,2,"This is a comprehensive description for sample book 626."
9788179051968,"Sample Book Title 627","Author Name 26",45.10,99,3,"This is a comprehensive description for sample book 627."
9786226601867,"Sample Book Title 628","Author Name 33",15.79,80,3,"This is a comprehensive description for sample book 628."
9783416855927,"Sample Book Title 629","Author Name 49",23.78,90,5,"This is a comprehensive description for sample book 629."
9781971731178,"Sample Book Title 630","Author Name 26",8.08,29,1,"This is a comprehensive description for sample book 630."
9781178640989,"Sample Book Title 631","Author Name 27",15.83,97,4,"This is a comprehensive description for sample book 631."
9782910315371,"Sample Book Title 632","Author Name 5",21.37,37,3,"This is a comprehensive description for sample book 632."
9784470331821,"Sample Book Title 633","Author Name 20",15.24,81,1,"This is a comprehensive description for sample book 633."
9789905747812,"Sample Book Title 634","Author Name 29",37.72,98,4,"This is a comprehensive description for sample book 634."
9781842577193,"Sample Book Title 635","Author Name 32",16.13,32,5,"This is a comprehensive description for sample book 635."
9788891013703,"Sample Book Title 636","Author Name 44",40.35,24,3,"This is a comprehensive description for sample book 636."
9788747773822,"Sample Book Title 637","Author Name 23",43.27,31,1,"This is a comprehensive description for sample book 637."
9782482072937,"Sample Book Title 638","Author Name 38",31.88,85,4,"This is a comprehensive description for sample book 638."
9781027398079,"Sample Book Title 639","Author Name 46",18.85,64,2,"This is a comprehensive description for sample book 639."
9787232175318,"Sample Book Title 640","Author Name 37",16.10,58,2,"This is a comprehensive description for sample book 640."
9786398392258,"Sample Book Title 641","Author Name 34",8.64,70,4,"This is a comprehensive description for sample book 641."
9782237514658,"Sample Book Title 642","Author Name 25",22.25,100,2,"This is a comprehensive description for sample book 642."
9780266533594,"Sample Book Title 643","Author Name 31",30.93,48,2,"This is a comprehensive description for sample book 643."
9789169154959,"Sample Book Title 644","Author Name 45",29.96,58,2,"This is a comprehensive description for sample book 644."
9783144776385,"Sample Book Title 645","Author Name 9",20.62,72,3,"This is a comprehensive description for sample book 645."
9782344943045,"Sample Book Title 646","Author Name 5",20.72,61,5,"This is a comprehensive description for sample book 646."
9784362447650,"Sample Book Title 647","Author Name 11",43.77,25,4,"This is a comprehensive description for sample book 647."
9782403862571,"Sample Book Title 648","Author Name 2",6.79,85,1,"This is a comprehensive description for sample book 648."
9788759647187,"Sample Book Title 649","Author Name 25",23.49,40,1,"This is a comprehensive description for sample book 649."
9789515458322,"Sample Book Title 650","Author Name 1",37.78,68,3,"This is a comprehensive description for sample book 650."
9781651932510,"Sample Book Title 651","Author Name 10",24.30,44,3,"This is a comprehensive description for sample book 651."
9784908297102,"Sample Book Title 652","Author Name 28",33.47,100,1,"This is a comprehensive description for sample book 652."
9784621827519,"Sample Book Title 653","Author Name 44",14.30,79,1,"This is a comprehensive description for sample book 653."
9787669327418,"Sample Book Title 654","Author Name 42",39.87,97,3,"This is a comprehensive description for sample book 654."
9789674367820,"Sample Book Title 655","Author Name 30",34.58,32,2,"This is a comprehensive description for sample book 655."
9787203867320,"Sample Book Title 656","Author Name 30",41.16,72,5,"This is a comprehensive description for sample book 656."
9781883595724,"Sample Book Title 657","Author Name 48",40.79,13,4,"This is a comprehensive description for sample book 657."
9786384044722,"Sample Book Title 658","Author Name 29",18.51,75,5,"This is a comprehensive description for sample book 658."
9785241414332,"Sample Book Title 659","Author Name 38",31.24,2,5,"This is a comprehensive description for sample book 659."
9783787871302,"Sample Book Title 660","Author Name 38",44.65,58,2,"This is a comprehensive description for sample book 660."
9781146595171,"Sample Book Title 661","Author Name 26",21.45,19,2,"This is a comprehensive description for sample book 661."
9786490846977,"Sample Book Title 662","Author Name 28",40.10,72,5,"This is a comprehensive description for sample book 662."
9788494212877,"Sample Book Title 663","Author Name 8",23.64,88,4,"This is a comprehensive description for sample book 663."
9786938947318,"Sample Book Title 664","Author Name 16",13.00,77,3,"This is a comprehensive description for sample book 664."
9780236539173,"Sample Book Title 665","Author Name 17",24.25,57,4,"This is a comprehensive description for sample book 665."
9786842623542,"Sample Book Title 666","Author Name 9",28.75,52,3,"This is a comprehensive description for sample book 666."
9783246187432,"Sample Book Title 667","Author Name 8",19.08,8,2,"This is a comprehensive description for sample book 667."
9781838324330,"Sample Book Title 668","Author Name 27",48.78,64,1,"This is a comprehensive description for sample book 668."
9786600392379,"Sample Book Title 669","Author Name 24",26.60,67,4,"This is a comprehensive description for sample book 669."
9789028352587,"Sample Book Title 670","Author Name 28",38.35,32,5,"This is a comprehensive description for sample book 670."
9784298605090,"Sample Book Title 671","Author Name 27",25.24,27,1,"This is a comprehensive description for sample book 671."
9787783571423,"Sample Book Title 672","Author Name 45",10.22,64,1,"This is a comprehensive description for sample book 672."
9785174225621,"Sample Book Title 673","Author Name 39",32.57,17,2,"This is a comprehensive description for sample book 673."
9786819446701,"Sample Book Title 674","Author Name 30",29.45,83,3,"This is a comprehensive description for sample book 674."
9784929071674,"Sample Book Title 675","Author Name 13",44.13,20,2,"This is a comprehensive description for sample book 675."
9789644308908,"Sample Book Title 676","Author Name 36",7.81,70,3,"This is a comprehensive description for sample book 676."
9783272804356,"Sample Book Title 677","Author Name 15",44.51,46,4,"This is a comprehensive description for sample book 677."
9780976540704,"Sample Book Title 678","Author Name 3",21.51,14,2,"This is a comprehensive description for sample book 678."
9782353585364,"Sample Book Title 679","Author Name 48",7.62,38,5,"This is a comprehensive description for sample book 679."
9782095195594,"Sample Book Title 680","Author Name 16",22.87,74,5,"This is a comprehensive description for sample book 680."
9785674017202,"Sample Book Title 681","Author Name 46",19.60,81,2,"This is a comprehensive description for sample book 681."
9785958260360,"Sample Book Title 682","Author Name 14",42.86,29,4,"This is a comprehensive description for sample book 682."
9786054621093,"Sample Book Title 683","Author Name 11",26.00,13,5,"This is a comprehensive description for sample book 683."
9782438988308,"Sample Book Title 684","Author Name 46",38.35,87,3,"This is a comprehensive description for sample book 684."
9781792824449,"Sample Book Title 685","Author Name 32",21.85,52,3,"This is a comprehensive description for sample book 685."
9783385793672,"Sample Book Title 686","Author Name 13",30.57,80,1,"This is a comprehensive description for sample book 686."
9781550943106,"Sample Book Title 687","Author Name 23",36.32,27,5,"This is a comprehensive description for sample book 687."
9782557948006,"Sample Book Title 688","Author Name 1",28.45,73,5,"This is a comprehensive description for sample book 688."
9781019322068,"Sample Book Title 689","Author Name 27",5.03,4,3,"This is a comprehensive description for sample book 689."
9783079528545,"Sample Book Title 690","Author Name 19",7.53,48,4,"This is a comprehensive description for sample book 690."
9788367610291,"Sample Book Title 691","Author Name 16",18.90,100,1,"This is a comprehensive description for sample book 691."
9788301696629,"Sample Book Title 692","Author Name 31",40.65,13,4,"This is a comprehensive description for sample book 692."
9782728240503,"Sample Book Title 693","Author Name 31",9.89,18,4,"This is a comprehensive description for sample book 693."
9786690698716,"Sample Book Title 694","Author Name 29",7.51,11,5,"This is a comprehensive description for sample book 694."
9783858868993,"Sample Book Title 695","Author Name 12",18.95,41,1,"This is a comprehensive description for sample book 695."
9782295397430,"Sample Book Title 696","Author Name 50",9.25,59,5,"This is a comprehensive description for sample book 696."
9783408159589,"Sample Book Title 697","Author Name 28",8.34,2,1,"This is a comprehensive description for sample book 697."
9788527119892,"Sample Book Title 698","Author Name 48",45.57,77,3,"This is a comprehensive description for sample book 698."
9787607712418,"Sample Book Title 699","Author Name 8",44.76,100,2,"This is a comprehensive description for sample book 699."
9784379456470,"Sample Book Title 700","Author Name 8",34.58,26,5,"This is a comprehensive description for sample book 700."
9785499663649,"Sample Book Title 701","Author Name 24",32.75,74,4,"This is a comprehensive description for sample book 701."
9780707704175,"Sample Book Title 702","Author Name 12",44.44,8,2,"This is a comprehensive description for sample book 702."
9786332786597,"Sample Book Title 703","Author Name 41",48.43,15,2,"This is a comprehensive description for sample book 703."
9786406409944,"Sample Book Title 704","Author Name 35",30.08,50,4,"This is a comprehensive description for sample book 704."
9785533182555,"Sample Book Title 705","Author Name 10",21.78,9,2,"This is a comprehensive description for sample book 705."
9782889431743,"Sample Book Title 706","Author Name 3",15.00,51,4,"This is a comprehensive description for sample book 706."
9781845929048,"Sample Book Title 707","Author Name 1",31.08,89,4,"This is a comprehensive description for sample book 707."
9783747319854,"Sample Book Title 708","Author Name 22",11.35,61,3,"This is a comprehensive description for sample book 708."
9785687469559,"Sample Book Title 709","Author Name 21",23.31,54,3,"This is a comprehensive description for sample book 709."
9782072429238,"Sample Book Title 710","Author Name 39",9.22,97,1,"This is a comprehensive description for sample book 710."
9785904856033,"Sample Book Title 711","Author Name 9",12.10,60,3,"This is a comprehensive description for sample book 711."
9780366146773,"Sample Book Title 712","Author Name 20",46.01,44,2,"This is a comprehensive description for sample book 712."
9785840455620,"Sample Book Title 713","Author Name 23",36.58,5,3,"This is a comprehensive description for sample book 713."
9783383774301,"Sample Book Title 714","Author Name 27",14.42,96,4,"This is a comprehensive description for sample book 714."
9786847786150,"Sample Book Title 715","Author Name 23",22.17,8,3,"This is a comprehensive description for sample book 715."
9780814354943,"Sample Book Title 716","Author Name 48",34.75,83,1,"This is a comprehensive description for sample book 716."
9788563307656,"Sample Book Title 717","Author Name 40",21.35,65,4,"This is a comprehensive description for sample book 717."
9787199574787,"Sample Book Title 718","Author Name 19",10.81,99,3,"This is a comprehensive description for sample book 718."
9785536862705,"Sample Book Title 719","Author Name 30",43.34,25,5,"This is a comprehensive description for sample book 719."
9783443157572,"Sample Book Title 720","Author Name 12",25.74,60,5,"This is a comprehensive description for sample book 720."
9784342282098,"Sample Book Title 721","Author Name 1",16.23,21,5,"This is a comprehensive description for sample book 721."
9786491722466,"Sample Book Title 722","Author Name 22",13.88,24,5,"This is a comprehensive description for sample book 722."
9782870414021,"Sample Book Title 723","Author Name 43",13.16,21,1,"This is a comprehensive description for sample book 723."
9784839743905,"Sample Book Title 724","Author Name 14",27.77,18,1,"This is a comprehensive description for sample book 724."
9786720552054,"Sample Book Title 725","Author Name 21",46.11,21,1,"This is a comprehensive description for sample book 725."
9789599813876,"Sample Book Title 726","Author Name 2",33.60,64,1,"This is a comprehensive description for sample book 726."
9780888108605,"Sample Book Title 727","Author Name 11",17.56,75,2,"This is a comprehensive description for sample book 727."
9780383413229,"Sample Book Title 728","Author Name 13",40.91,36,2,"This is a comprehensive description for sample book 728."
9784132325114,"Sample Book Title 729","Author Name 23",48.57,58,2,"This is a comprehensive description for sample book 729."
9783185679783,"Sample Book Title 730","Author Name 25",7.89,44,3,"This is a comprehensive description for sample book 730."
9782358642609,"Sample Book Title 731","Author Name 30",6.64,30,5,"This is a comprehensive description for sample book 731."
9788585835449,"Sample Book Title 732","Author Name 32",23.46,63,1,"This is a comprehensive description for sample book 732."
9781316361819,"Sample Book Title 733","Author Name 47",41.52,63,2,"This is a comprehensive description for sample book 733."
9788074768716,"Sample Book Title 734","Author Name 6",33.18,60,3,"This is a comprehensive description for sample book 734."
9782932727771,"Sample Book Title 735","Author Name 20",29.38,60,2,"This is a comprehensive description for sample book 735."
9782202339441,"Sample Book Title 736","Author Name 26",16.36,75,4,"This is a comprehensive description for sample book 736."
9785791096213,"Sample Book Title 737","Author Name 1",40.78,42,4,"This is a comprehensive description for sample book 737."
9782216384813,"Sample Book Title 738","Author Name 14",28.33,99,1,"This is a comprehensive description for sample book 738."
9784868933552,"Sample Book Title 739","Author Name 27",6.65,6,1,"This is a comprehensive description for sample book 739."
9785304601009,"Sample Book Title 740","Author Name 38",34.21,34,4,"This is a comprehensive description for sample book 740."
9786096426531,"Sample Book Title 741","Author Name 19",38.85,40,5,"This is a comprehensive description for sample book 741."
9782161427064,"Sample Book Title 742","Author Name 40",37.81,30,3,"This is a comprehensive description for sample book 742."
9780710556877,"Sample Book Title 743","Author Name 44",32.29,99,4,"This is a comprehensive description for sample book 743."
9783421989774,"Sample Book Title 744","Author Name 13",13.43,84,4,"This is a comprehensive description for sample book 744."
9781802406933,"Sample Book Title 745","Author Name 29",18.71,69,5,"This is a comprehensive description for sample book 745."
9780457554965,"Sample Book Title 746","Author Name 12",23.72,37,5,"This is a comprehensive description for sample book 746."
9789397606917,"Sample Book Title 747","Author Name 24",37.66,74,5,"This is a comprehensive description for sample book 747."
9784748913062,"Sample Book Title 748","Author Name 15",25.71,49,3,"This is a comprehensive description for sample book 748."
9784619564447,"Sample Book Title 749","Author Name 6",5.51,14,1,"This is a comprehensive description for sample book 749."
9780103776021,"Sample Book Title 750","Author Name 2",38.25,97,2,"This is a comprehensive description for sample book 750."
9780787660063,"Sample Book Title 751","Author Name 26",45.15,90,3,"This is a comprehensive description for sample book 751."
9782390382336,"Sample Book Title 752","Author Name 16",39.59,63,5,"This is a comprehensive description for sample book 752."
9787689826568,"Sample Book Title 753","Author Name 25",24.05,89,2,"This is a comprehensive description for sample book 753."
9788004682348,"Sample Book Title 754","Author Name 44",12.37,65,2,"This is a comprehensive description for sample book 754."
9789179245157,"Sample Book Title 755","Author Name 27",20.88,28,5,"This is a comprehensive description for sample book 755."
9783569990281,"Sample Book Title 756","Author Name 18",25.13,18,5,"This is a comprehensive description for sample book 756."
9783813036558,"Sample Book Title 757","Author Name 30",32.26,97,4,"This is a comprehensive description for sample book 757."
9782849025314,"Sample Book Title 758","Author Name 44",14.36,91,3,"This is a comprehensive description for sample book 758."
9785756965620,"Sample Book Title 759","Author Name 38",27.55,67,3,"This is a comprehensive description for sample book 759."
9788856840420,"Sample Book Title 760","Author Name 31",5.97,52,4,"This is a comprehensive description for sample book 760."
9783414821990,"Sample Book Title 761","Author Name 45",19.17,72,2,"This is a comprehensive description for sample book 761."
9789333690818,"Sample Book Title 762","Author Name 14",41.62,46,3,"This is a comprehensive description for sample book 762."
9786043235633,"Sample Book Title 763","Author Name 25",18.95,4,5,"This is a comprehensive description for sample book 763."
9784577713773,"Sample Book Title 764","Author Name 28",35.20,58,2,"This is a comprehensive description for sample book 764."
9785380652454,"Sample Book Title 765","Author Name 35",42.49,4,3,"This is a comprehensive description for sample book 765."
9785964337399,"Sample Book Title 766","Author Name 23",29.17,37,3,"This is a comprehensive description for sample book 766."
9780298760415,"Sample Book Title 767","Author Name 28",5.03,49,5,"This is a comprehensive description for sample book 767."
9783958532521,"Sample Book Title 768","Author Name 13",6.08,66,5,"This is a comprehensive description for sample book 768."
9784890398402,"Sample Book Title 769","Author Name 16",30.61,54,4,"This is a comprehensive description for sample book 769."
9785125632081,"Sample Book Title 770","Author Name 6",38.23,31,5,"This is a comprehensive description for sample book 770."
9784698033289,"Sample Book Title 771","Author Name 39",47.60,55,2,"This is a comprehensive description for sample book 771."
9787338146223,"Sample Book Title 772","Author Name 23",47.02,40,1,"This is a comprehensive description for sample book 772."
9781650588209,"Sample Book Title 773","Author Name 16",5.48,78,4,"This is a comprehensive description for sample book 773."
9783125798551,"Sample Book Title 774","Author Name 42",33.63,34,3,"This is a comprehensive description for sample book 774."
9789642658497,"Sample Book Title 775","Author Name 26",35.77,15,2,"This is a comprehensive description for sample book 775."
9784336793410,"Sample Book Title 776","Author Name 44",7.52,75,2,"This is a comprehensive description for sample book 776."
9787486591332,"Sample Book Title 777","Author Name 18",11.51,77,1,"This is a comprehensive description for sample book 777."
9787262364420,"Sample Book Title 778","Author Name 40",12.37,70,1,"This is a comprehensive description for sample book 778."
9787412409820,"Sample Book Title 779","Author Name 37",24.45,56,2,"This is a comprehensive description for sample book 779."
9786110445700,"Sample Book Title 780","Author Name 46",37.27,65,1,"This is a comprehensive description for sample book 780."
9786172838550,"Sample Book Title 781","Author Name 36",10.95,9,1,"This is a comprehensive description for sample book 781."
9788704670518,"Sample Book Title 782","Author Name 39",18.96,54,4,"This is a comprehensive description for sample book 782."
9781467133481,"Sample Book Title 783","Author Name 46",9.74,44,4,"This is a comprehensive description for sample book 783."
9782008788061,"Sample Book Title 784","Author Name 29",43.20,47,2,"This is a comprehensive description for sample book 784."
9785269635129,"Sample Book Title 785","Author Name 31",26.97,73,4,"This is a comprehensive description for sample book 785."
9786044176159,"Sample Book Title 786","Author Name 30",27.24,54,1,"This is a comprehensive description for sample book 786."
9787037864486,"Sample Book Title 787","Author Name 38",27.77,36,2,"This is a comprehensive description for sample book 787."
9784272676253,"Sample Book Title 788","Author Name 19",33.86,69,2,"This is a comprehensive description for sample book 788."
9786590726577,"Sample Book Title 789","Author Name 17",40.24,90,5,"This is a comprehensive description for sample book 789."
9788112121848,"Sample Book Title 790","Author Name 50",23.57,72,4,"This is a comprehensive description for sample book 790."
9784317557758,"Sample Book Title 791","Author Name 30",31.46,73,5,"This is a comprehensive description for sample book 791."
9788108411748,"Sample Book Title 792","Author Name 4",21.26,63,2,"This is a comprehensive description for sample book 792."
9782104292007,"Sample Book Title 793","Author Name 40",14.18,9,2,"This is a comprehensive description for sample book 793."
9788255359497,"Sample Book Title 794","Author Name 37",26.65,99,5,"This is a comprehensive description for sample book 794."
9783269013916,"Sample Book Title 795","Author Name 47",33.25,63,2,"This is a comprehensive description for sample book 795."
9780084134947,"Sample Book Title 796","Author Name 45",18.48,33,5,"This is a comprehensive description for sample book 796."
9786759721416,"Sample Book Title 797","Author Name 31",30.39,86,4,"This is a comprehensive description for sample book 797."
9786551076160,"Sample Book Title 798","Author Name 34",10.62,40,4,"This is a comprehensive description for sample book 798."
9782983369183,"Sample Book Title 799","Author Name 30",49.11,71,3,"This is a comprehensive description for sample book 799."
9787362998212,"Sample Book Title 800","Author Name 25",33.79,71,3,"This is a comprehensive description for sample book 800."
9782818796855,"Sample Book Title 801","Author Name 5",29.34,49,5,"This is a comprehensive description for sample book 801."
9783874376797,"Sample Book Title 802","Author Name 25",19.16,27,5,"This is a comprehensive description for sample book 802."
9787691224775,"Sample Book Title 803","Author Name 24",43.24,54,4,"This is a comprehensive description for sample book 803."
9787610431521,"Sample Book Title 804","Author Name 5",22.75,90,2,"This is a comprehensive description for sample book 804."
9781241474240,"Sample Book Title 805","Author Name 38",26.94,68,5,"This is a comprehensive description for sample book 805."
9783124049439,"Sample Book Title 806","Author Name 46",46.85,6,4,"This is a comprehensive description for sample book 806."
9782554743836,"Sample Book Title 807","Author Name 42",34.13,74,5,"This is a comprehensive description for sample book 807."
9789476775203,"Sample Book Title 808","Author Name 6",49.46,50,1,"This is a comprehensive description for sample book 808."
9787424245824,"Sample Book Title 809","Author Name 9",14.97,4,2,"This is a comprehensive description for sample book 809."
9781030480784,"Sample Book Title 810","Author Name 15",47.51,42,2,"This is a comprehensive description for sample book 810."
9786347607581,"Sample Book Title 811","Author Name 30",7.58,74,4,"This is a comprehensive description for sample book 811."
9784050681084,"Sample Book Title 812","Author Name 25",45.29,86,4,"This is a comprehensive description for sample book 812."
9787456473162,"Sample Book Title 813","Author Name 6",9.62,55,3,"This is a comprehensive description for sample book 813."
9784975459916,"Sample Book Title 814","Author Name 29",5.80,63,2,"This is a comprehensive description for sample book 814."
9784456648409,"Sample Book Title 815","Author Name 21",49.86,61,4,"This is a comprehensive description for sample book 815."
9781696057651,"Sample Book Title 816","Author Name 28",45.58,88,4,"This is a comprehensive description for sample book 816."
9788326902665,"Sample Book Title 817","Author Name 8",18.52,42,1,"This is a comprehensive description for sample book 817."
9789033302766,"Sample Book Title 818","Author Name 6",29.26,23,2,"This is a comprehensive description for sample book 818."
9789489205820,"Sample Book Title 819","Author Name 28",37.93,11,2,"This is a comprehensive description for sample book 819."
9787404067292,"Sample Book Title 820","Author Name 36",24.67,42,5,"This is a comprehensive description for sample book 820."
9783349309586,"Sample Book Title 821","Author Name 10",13.97,84,3,"This is a comprehensive description for sample book 821."
9787320967816,"Sample Book Title 822","Author Name 18",7.43,44,4,"This is a comprehensive description for sample book 822."
9781537428339,"Sample Book Title 823","Author Name 44",20.07,36,5,"This is a comprehensive description for sample book 823."
9786499292707,"Sample Book Title 824","Author Name 36",14.55,52,5,"This is a comprehensive description for sample book 824."
9785620591721,"Sample Book Title 825","Author Name 47",7.36,100,3,"This is a comprehensive description for sample book 825."
9788785534264,"Sample Book Title 826","Author Name 41",39.23,22,2,"This is a comprehensive description for sample book 826."
9782594596984,"Sample Book Title 827","Author Name 14",13.98,89,1,"This is a comprehensive description for sample book 827."
9788981967358,"Sample Book Title 828","Author Name 39",34.89,36,1,"This is a comprehensive description for sample book 828."
9782626410525,"Sample Book Title 829","Author Name 8",29.22,10,2,"This is a comprehensive description for sample book 829."
9787028688718,"Sample Book Title 830","Author Name 12",24.98,97,5,"This is a comprehensive description for sample book 830."
9789445731708,"Sample Book Title 831","Author Name 11",20.89,93,1,"This is a comprehensive description for sample book 831."
9785327783681,"Sample Book Title 832","Author Name 26",6.80,5,1,"This is a comprehensive description for sample book 832."
9788343837064,"Sample Book Title 833","Author Name 32",33.17,30,4,"This is a comprehensive description for sample book 833."
9781334561231,"Sample Book Title 834","Author Name 28",34.63,29,2,"This is a comprehensive description for sample book 834."
9781604400694,"Sample Book Title 835","Author Name 28",28.43,29,3,"This is a comprehensive description for sample book 835."
9786665949638,"Sample Book Title 836","Author Name 10",37.31,46,1,"This is a comprehensive description for sample book 836."
9783630987362,"Sample Book Title 837","Author Name 4",47.67,0,3,"This is a comprehensive description for sample book 837."
9785167391141,"Sample Book Title 838","Author Name 25",37.47,100,5,"This is a comprehensive description for sample book 838."
9784831816296,"Sample Book Title 839","Author Name 28",26.31,76,4,"This is a comprehensive description for sample book 839."
9789789298455,"Sample Book Title 840","Author Name 10",28.98,13,3,"This is a comprehensive description for sample book 840."
9788633311937,"Sample Book Title 841","Author Name 48",19.38,61,4,"This is a comprehensive description for sample book 841."
9786913011257,"Sample Book Title 842","Author Name 20",37.52,64,5,"This is a comprehensive description for sample book 842."
9786679146287,"Sample Book Title 843","Author Name 18",30.17,2,3,"This is a comprehensive description for sample book 843."
9789921126325,"Sample Book Title 844","Author Name 25",46.05,42,4,"This is a comprehensive description for sample book 844."
9782409282043,"Sample Book Title 845","Author Name 33",38.77,63,4,"This is a comprehensive description for sample book 845."
9782078615873,"Sample Book Title 846","Author Name 13",22.81,72,1,"This is a comprehensive description for sample book 846."
9789256000791,"Sample Book Title 847","Author Name 8",33.32,33,2,"This is a comprehensive description for sample book 847."
9787214658789,"Sample Book Title 848","Author Name 27",30.68,38,2,"This is a comprehensive description for sample book 848."
9780771678662,"Sample Book Title 849","Author Name 3",19.00,50,1,"This is a comprehensive description for sample book 849."
9786223180610,"Sample Book Title 850","Author Name 22",29.53,96,3,"This is a comprehensive description for sample book 850."
9785680242443,"Sample Book Title 851","Author Name 6",45.15,81,4,"This is a comprehensive description for sample book 851."
9783376753006,"Sample Book Title 852","Author Name 45",45.60,78,1,"This is a comprehensive description for sample book 852."
9785754113886,"Sample Book Title 853","Author Name 24",10.82,45,3,"This is a comprehensive description for sample book 853."
9788525443463,"Sample Book Title 854","Author Name 46",13.49,36,1,"This is a comprehensive description for sample book 854."
9780389932586,"Sample Book Title 855","Author Name 11",48.95,54,3,"This is a comprehensive description for sample book 855."
9788203934128,"Sample Book Title 856","Author Name 16",18.31,91,2,"This is a comprehensive description for sample book 856."
9782862490303,"Sample Book Title 857","Author Name 48",47.49,20,1,"This is a comprehensive description for sample book 857."
9784718160130,"Sample Book Title 858","Author Name 2",40.95,61,5,"This is a comprehensive description for sample book 858."
9789693900982,"Sample Book Title 859","Author Name 31",23.64,2,4,"This is a comprehensive description for sample book 859."
9785692325665,"Sample Book Title 860","Author Name 25",6.47,15,3,"This is a comprehensive description for sample book 860."
9782265528213,"Sample Book Title 861","Author Name 1",42.01,73,2,"This is a comprehensive description for sample book 861."
9785307414898,"Sample Book Title 862","Author Name 48",37.68,5,4,"This is a comprehensive description for sample book 862."
9787163367087,"Sample Book Title 863","Author Name 1",45.70,9,2,"This is a comprehensive description for sample book 863."
9786959452677,"Sample Book Title 864","Author Name 46",14.53,19,5,"This is a comprehensive description for sample book 864."
9783469703104,"Sample Book Title 865","Author Name 12",49.54,74,1,"This is a comprehensive description for sample book 865."
9781132271815,"Sample Book Title 866","Author Name 1",15.39,73,1,"This is a comprehensive description for sample book 866."
9783297772635,"Sample Book Title 867","Author Name 49",11.35,71,3,"This is a comprehensive description for sample book 867."
9789871637550,"Sample Book Title 868","Author Name 23",49.91,49,1,"This is a comprehensive description for sample book 868."
9783296325437,"Sample Book Title 869","Author Name 35",14.33,56,2,"This is a comprehensive description for sample book 869."
9781957669338,"Sample Book Title 870","Author Name 12",23.39,90,2,"This is a comprehensive description for sample book 870."
9788880505926,"Sample Book Title 871","Author Name 1",45.82,38,1,"This is a comprehensive description for sample book 871."
9780906957167,"Sample Book Title 872","Author Name 29",8.68,41,5,"This is a comprehensive description for sample book 872."
9781117191795,"Sample Book Title 873","Author Name 44",15.32,75,5,"This is a comprehensive description for sample book 873."
9782981649540,"Sample Book Title 874","Author Name 17",23.14,65,1,"This is a comprehensive description for sample book 874."
9780498156347,"Sample Book Title 875","Author Name 21",9.26,58,4,"This is a comprehensive description for sample book 875."
9782385284300,"Sample Book Title 876","Author Name 39",48.62,31,4,"This is a comprehensive description for sample book 876."
9788029362163,"Sample Book Title 877","Author Name 2",6.00,35,3,"This is a comprehensive description for sample book 877."
9786594920194,"Sample Book Title 878","Author Name 18",15.98,62,5,"This is a comprehensive description for sample book 878."
9788268118833,"Sample Book Title 879","Author Name 37",45.66,48,5,"This is a comprehensive description for sample book 879."
9781021396373,"Sample Book Title 880","Author Name 43",20.92,86,5,"This is a comprehensive description for sample book 880."
9783569956703,"Sample Book Title 881","Author Name 19",9.02,4,5,"This is a comprehensive description for sample book 881."
9788354339058,"Sample Book Title 882","Author Name 26",25.09,22,4,"This is a comprehensive description for sample book 882."
9781410105356,"Sample Book Title 883","Author Name 30",27.05,38,3,"This is a comprehensive description for sample book 883."
9784493640785,"Sample Book Title 884","Author Name 29",46.16,22,2,"This is a comprehensive description for sample book 884."
9785881108830,"Sample Book Title 885","Author Name 3",9.99,6,2,"This is a comprehensive description for sample book 885."
9786296402381,"Sample Book Title 886","Author Name 19",41.83,22,2,"This is a comprehensive description for sample book 886."
9782965856523,"Sample Book Title 887","Author Name 32",10.41,16,4,"This is a comprehensive description for sample book 887."
9784538161284,"Sample Book Title 888","Author Name 18",33.72,57,1,"This is a comprehensive description for sample book 888."
9782556774871,"Sample Book Title 889","Author Name 28",14.24,74,3,"This is a comprehensive description for sample book 889."
9789398895950,"Sample Book Title 890","Author Name 33",13.91,25,5,"This is a comprehensive description for sample book 890."
9783713878138,"Sample Book Title 891","Author Name 38",29.85,33,5,"This is a comprehensive description for sample book 891."
9787165313344,"Sample Book Title 892","Author Name 16",46.68,17,1,"This is a comprehensive description for sample book 892."
9788382707537,"Sample Book Title 893","Author Name 7",28.45,2,5,"This is a comprehensive description for sample book 893."
9788020306131,"Sample Book Title 894","Author Name 17",22.26,95,3,"This is a comprehensive description for sample book 894."
9780150111176,"Sample Book Title 895","Author Name 46",47.74,9,1,"This is a comprehensive description for sample book 895."
9786488183357,"Sample Book Title 896","Author Name 30",30.29,88,5,"This is a comprehensive description for sample book 896."
9784268339984,"Sample Book Title 897","Author Name 46",41.59,23,1,"This is a comprehensive description for sample book 897."
9784780750896,"Sample Book Title 898","Author Name 15",22.96,99,3,"This is a comprehensive description for sample book 898."
9788009620891,"Sample Book Title 899","Author Name 30",43.58,15,4,"This is a comprehensive description for sample book 899."
9788845773937,"Sample Book Title 900","Author Name 4",5.82,23,5,"This is a comprehensive description for sample book 900."
9789840882179,"Sample Book Title 901","Author Name 18",6.01,98,4,"This is a comprehensive description for sample book 901."
9786199523384,"Sample Book Title 902","Author Name 8",24.92,30,1,"This is a comprehensive description for sample book 902."
9781018663426,"Sample Book Title 903","Author Name 11",38.12,64,1,"This is a comprehensive description for sample book 903."
9783181770071,"Sample Book Title 904","Author Name 19",13.84,92,1,"This is a comprehensive description for sample book 904."
9786593020661,"Sample Book Title 905","Author Name 6",35.54,86,4,"This is a comprehensive description for sample book 905."
9784082232288,"Sample Book Title 906","Author Name 18",47.40,55,4,"This is a comprehensive description for sample book 906."
9787208166940,"Sample Book Title 907","Author Name 10",27.46,29,5,"This is a comprehensive description for sample book 907."
9782474218388,"Sample Book Title 908","Author Name 12",12.42,58,4,"This is a comprehensive description for sample book 908."
9787235923194,"Sample Book Title 909","Author Name 45",29.56,98,3,"This is a comprehensive description for sample book 909."
9786278176978,"Sample Book Title 910","Author Name 2",12.58,74,3,"This is a comprehensive description for sample book 910."
9780542359697,"Sample Book Title 911","Author Name 9",13.43,53,4,"This is a comprehensive description for sample book 911."
9785523588147,"Sample Book Title 912","Author Name 34",41.51,87,2,"This is a comprehensive description for sample book 912."
9784772827044,"Sample Book Title 913","Author Name 12",7.71,13,5,"This is a comprehensive description for sample book 913."
9780493474793,"Sample Book Title 914","Author Name 34",43.06,47,1,"This is a comprehensive description for sample book 914."
9788759250133,"Sample Book Title 915","Author Name 36",24.89,83,5,"This is a comprehensive description for sample book 915."
9782423599294,"Sample Book Title 916","Author Name 3",28.34,28,4,"This is a comprehensive description for sample book 916."
9788405400530,"Sample Book Title 917","Author Name 26",15.95,36,3,"This is a comprehensive description for sample book 917."
9789354482197,"Sample Book Title 918","Author Name 18",14.12,62,2,"This is a comprehensive description for sample book 918."
9781244590373,"Sample Book Title 919","Author Name 36",21.62,92,5,"This is a comprehensive description for sample book 919."
9785324085995,"Sample Book Title 920","Author Name 50",29.08,20,3,"This is a comprehensive description for sample book 920."
9781911805824,"Sample Book Title 921","Author Name 50",43.25,53,1,"This is a comprehensive description for sample book 921."
9781603056281,"Sample Book Title 922","Author Name 31",27.34,31,2,"This is a comprehensive description for sample book 922."
9788363555322,"Sample Book Title 923","Author Name 6",38.21,58,3,"This is a comprehensive description for sample book 923."
9785329981048,"Sample Book Title 924","Author Name 8",39.57,46,3,"This is a comprehensive description for sample book 924."
9787984192264,"Sample Book Title 925","Author Name 2",8.86,20,4,"This is a comprehensive description for sample book 925."
9783186703500,"Sample Book Title 926","Author Name 34",37.85,40,3,"This is a comprehensive description for sample book 926."
9780277830142,"Sample Book Title 927","Author Name 50",33.19,43,4,"This is a comprehensive description for sample book 927."
9787980050897,"Sample Book Title 928","Author Name 38",29.85,5,3,"This is a comprehensive description for sample book 928."
9789154649234,"Sample Book Title 929","Author Name 32",36.24,93,1,"This is a comprehensive description for sample book 929."
9782604217305,"Sample Book Title 930","Author Name 38",8.89,25,2,"This is a comprehensive description for sample book 930."
9786722280985,"Sample Book Title 931","Author Name 27",20.06,11,1,"This is a comprehensive description for sample book 931."
9786139730446,"Sample Book Title 932","Author Name 36",28.55,29,5,"This is a comprehensive description for sample book 932."
9788507289285,"Sample Book Title 933","Author Name 19",32.79,73,3,"This is a comprehensive description for sample book 933."
9784759430885,"Sample Book Title 934","Author Name 30",32.73,34,1,"This is a comprehensive description for sample book 934."
9787576082677,"Sample Book Title 935","Author Name 48",12.64,99,2,"This is a comprehensive description for sample book 935."
9788402029213,"Sample Book Title 936","Author Name 3",45.00,25,5,"This is a comprehensive description for sample book 936."
9787951571488,"Sample Book Title 937","Author Name 49",17.96,83,3,"This is a comprehensive description for sample book 937."
9785981647815,"Sample Book Title 938","Author Name 39",16.55,2,4,"This is a comprehensive description for sample book 938."
9785720458172,"Sample Book Title 939","Author Name 35",9.84,87,3,"This is a comprehensive description for sample book 939."
9787963261561,"Sample Book Title 940","Author Name 39",34.69,49,3,"This is a comprehensive description for sample book 940."
9785006115871,"Sample Book Title 941","Author Name 13",29.08,75,1,"This is a comprehensive description for sample book 941."
9788274647002,"Sample Book Title 942","Author Name 20",7.37,82,3,"This is a comprehensive description for sample book 942."
9788836611166,"Sample Book Title 943","Author Name 46",28.59,26,1,"This is a comprehensive description for sample book 943."
9780529012518,"Sample Book Title 944","Author Name 2",35.82,69,1,"This is a comprehensive description for sample book 944."
9781590346928,"Sample Book Title 945","Author Name 34",14.57,78,1,"This is a comprehensive description for sample book 945."
9786403648166,"Sample Book Title 946","Author Name 40",26.45,13,3,"This is a comprehensive description for sample book 946."
9785780217397,"Sample Book Title 947","Author Name 7",27.49,64,5,"This is a comprehensive description for sample book 947."
9789649210012,"Sample Book Title 948","Author Name 22",38.55,6,3,"This is a comprehensive description for sample book 948."
9782491660003,"Sample Book Title 949","Author Name 46",46.58,53,2,"This is a comprehensive description for sample book 949."
9785894107684,"Sample Book Title 950","Author Name 45",43.57,36,4,"This is a comprehensive description for sample book 950."
9781486710973,"Sample Book Title 951","Author Name 8",44.15,26,1,"This is a comprehensive description for sample book 951."
9782849422653,"Sample Book Title 952","Author Name 19",46.23,99,2,"This is a comprehensive description for sample book 952."
9784793929435,"Sample Book Title 953","Author Name 14",35.47,19,5,"This is a comprehensive description for sample book 953."
9784982211177,"Sample Book Title 954","Author Name 32",13.51,12,2,"This is a comprehensive description for sample book 954."
9785114670714,"Sample Book Title 955","Author Name 3",49.88,25,1,"This is a comprehensive description for sample book 955."
9785621911441,"Sample Book Title 956","Author Name 35",30.61,90,5,"This is a comprehensive description for sample book 956."
9788018611946,"Sample Book Title 957","Author Name 28",27.64,95,5,"This is a comprehensive description for sample book 957."
9781413944130,"Sample Book Title 958","Author Name 38",8.08,3,1,"This is a comprehensive description for sample book 958."
9787793918280,"Sample Book Title 959","Author Name 30",14.08,99,1,"This is a comprehensive description for sample book 959."
9783908677052,"Sample Book Title 960","Author Name 35",34.08,3,5,"This is a comprehensive description for sample book 960."
9789187165423,"Sample Book Title 961","Author Name 11",5.09,30,1,"This is a comprehensive description for sample book 961."
9785165883596,"Sample Book Title 962","Author Name 12",31.53,18,5,"This is a comprehensive description for sample book 962."
9782462856447,"Sample Book Title 963","Author Name 7",27.46,73,3,"This is a comprehensive description for sample book 963."
9789460506385,"Sample Book Title 964","Author Name 32",49.57,15,3,"This is a comprehensive description for sample book 964."
9786963342614,"Sample Book Title 965","Author Name 4",19.21,71,5,"This is a comprehensive description for sample book 965."
9781828317949,"Sample Book Title 966","Author Name 38",33.29,64,2,"This is a comprehensive description for sample book 966."
9787425462561,"Sample Book Title 967","Author Name 9",39.76,65,2,"This is a comprehensive description for sample book 967."
9782635530623,"Sample Book Title 968","Author Name 24",38.47,29,3,"This is a comprehensive description for sample book 968."
9784933632903,"Sample Book Title 969","Author Name 13",22.52,91,2,"This is a comprehensive description for sample book 969."
9784191398748,"Sample Book Title 970","Author Name 49",46.26,89,4,"This is a comprehensive description for sample book 970."
9784231729590,"Sample Book Title 971","Author Name 20",37.62,21,4,"This is a comprehensive description for sample book 971."
9781046369020,"Sample Book Title 972","Author Name 46",16.21,28,4,"This is a comprehensive description for sample book 972."
9780539549069,"Sample Book Title 973","Author Name 39",6.05,58,3,"This is a comprehensive description for sample book 973."
9784085465719,"Sample Book Title 974","Author Name 29",32.57,71,2,"This is a comprehensive description for sample book 974."
9786289292290,"Sample Book Title 975","Author Name 34",46.79,63,2,"This is a comprehensive description for sample book 975."
9787434956527,"Sample Book Title 976","Author Name 46",21.79,22,1,"This is a comprehensive description for sample book 976."
9783404619281,"Sample Book Title 977","Author Name 2",27.82,100,1,"This is a comprehensive description for sample book 977."
9784789804635,"Sample Book Title 978","Author Name 5",31.81,63,1,"This is a comprehensive description for sample book 978."
9787810829036,"Sample Book Title 979","Author Name 40",30.90,50,2,"This is a comprehensive description for sample book 979."
9782039880119,"Sample Book Title 980","Author Name 26",9.42,8,3,"This is a comprehensive description for sample book 980."
9786588126614,"Sample Book Title 981","Author Name 3",22.53,57,2,"This is a comprehensive description for sample book 981."
9788128803768,"Sample Book Title 982","Author Name 7",23.33,49,1,"This is a comprehensive description for sample book 982."
9789782558104,"Sample Book Title 983","Author Name 42",39.08,80,4,"This is a comprehensive description for sample book 983."
9789676423776,"Sample Book Title 984","Author Name 39",30.81,68,5,"This is a comprehensive description for sample book 984."
9784337752732,"Sample Book Title 985","Author Name 7",22.07,93,3,"This is a comprehensive description for sample book 985."
9789197705762,"Sample Book Title 986","Author Name 24",22.25,8,5,"This is a comprehensive description for sample book 986."
9785650228783,"Sample Book Title 987","Author Name 6",11.64,74,2,"This is a comprehensive description for sample book 987."
9788074045010,"Sample Book Title 988","Author Name 11",42.94,11,4,"This is a comprehensive description for sample book 988."
9788730123946,"Sample Book Title 989","Author Name 16",10.72,58,4,"This is a comprehensive description for sample book 989."
9781518770465,"Sample Book Title 990","Author Name 20",30.89,41,4,"This is a comprehensive description for sample book 990."
9781284332460,"Sample Book Title 991","Author Name 15",36.18,98,5,"This is a comprehensive description for sample book 991."
9789961788153,"Sample Book Title 992","Author Name 15",8.20,33,5,"This is a comprehensive description for sample book 992."
9787531353371,"Sample Book Title 993","Author Name 34",5.94,95,5,"This is a comprehensive description for sample book 993."
9782014572266,"Sample Book Title 994","Author Name 24",44.40,56,2,"This is a comprehensive description for sample book 994."
9788320976637,"Sample Book Title 995","Author Name 9",46.17,64,1,"This is a comprehensive description for sample book 995."
9788634645402,"Sample Book Title 996","Author Name 1",6.85,14,2,"This is a comprehensive description for sample book 996."
9784675271809,"Sample Book Title 997","Author Name 19",13.32,30,3,"This is a comprehensive description for sample book 997."
9781672592254,"Sample Book Title 998","Author Name 8",7.15,92,4,"This is a comprehensive description for sample book 998."
9783757332057,"Sample Book Title 999","Author Name 13",46.70,53,5,"This is a comprehensive description for sample book 999."
9784807635197,"Sample Book Title 1000","Author Name 12",25.81,18,4,"This is a comprehensive description for sample book 1000."
